DROP TABLE RESERVAS;
DROP TABLE SERVICIOS;
DROP TABLE HABITACIONES;
DROP TABLE ESPACIOS;
DROP TABLE OPERADORES;
DROP TABLE CLIENTES;
DROP TABLE VINCULOS;
DROP TABLE CATEGORIASHABITACION;
DROP TABLE CATEGORIASOPERADOR;
DROP TABLE CATEGORIASSERVICIO;

CREATE TABLE VINCULOS(
id NUMBER(10,0),
nombre VARCHAR2(30),
descripcion VARCHAR2(100)
);

CREATE TABLE CATEGORIASOPERADOR(
id NUMBER(10,0),
nombre VARCHAR2(30),
descripcion VARCHAR2(100)
);
 
CREATE TABLE CATEGORIASHABITACION(
id NUMBER(10,0),
nombre VARCHAR2(30),
descripcion VARCHAR2(100)
);
 
CREATE TABLE CATEGORIASSERVICIO(
id NUMBER(10,0),
nombre VARCHAR2(30),
descripcion VARCHAR2(100)
);

--Agregación de vínculos con la universidad
 
ALTER TABLE VINCULOS
ADD PRIMARY KEY (id);
 
ALTER TABLE VINCULOS
MODIFY nombre NOT NULL;
 
INSERT INTO VINCULOS (id, nombre, descripcion)
VALUES (1, 'ESTUDIANTE', 'Estudiante vigente de la Universidad de los Andes');
 
INSERT INTO VINCULOS (id, nombre, descripcion)
VALUES (2, 'PROFESOR', 'Profesor vigente en contrato de la Universidad de los Andes');
 
INSERT INTO VINCULOS (id, nombre, descripcion)
VALUES (3, 'PROFESOR_INVITADO', 'Profesor invitado vigente de la Universidad de los Andes');
 
INSERT INTO VINCULOS (id, nombre, descripcion)
VALUES (4, 'PADRE_DE_ESTUDIANTE', 'Padre de estudiante vigente de la Universidad de los Andes');
 
INSERT INTO VINCULOS (id, nombre, descripcion)
VALUES (5, 'EMPLEADO', 'Empleado con contrato vigente en la Universidad de los Andes');
 
INSERT INTO VINCULOS (id, nombre, descripcion)
VALUES (6, 'EGRESADO', 'Egresado de la Universidad de los Andes');
 
INSERT INTO VINCULOS (id, nombre, descripcion)
VALUES (7, 'INVITADO_A_EVENTO', 'Invitado a evento temporal en la Universidad de los Andes');

--Agregación de categorías operador
 
ALTER TABLE CATEGORIASOPERADOR
ADD PRIMARY KEY (id);
 
ALTER TABLE CATEGORIASOPERADOR
MODIFY nombre NOT NULL;
 
INSERT INTO CATEGORIASOPERADOR (id, nombre, descripcion)
VALUES (1, 'HOTEL', 'Empresa de hotelería registrada como hotel');
 
INSERT INTO CATEGORIASOPERADOR (id, nombre, descripcion)
VALUES (2, 'HOSTAL', 'Empresa de hotelería registrada como hostal');
 
INSERT INTO CATEGORIASOPERADOR (id, nombre, descripcion)
VALUES (3, 'PERSONA_NATURAL', 'Persona natural que pueda proveer espacios de alojamiento');
 
INSERT INTO CATEGORIASOPERADOR (id, nombre, descripcion)
VALUES (4, 'MIEMBRO_DE_LA_COMUNIDAD', 'Miembro de la comunidad universitaria que puede proveer espacios de alojamiento');
 
INSERT INTO CATEGORIASOPERADOR (id, nombre, descripcion)
VALUES (5, 'VECINO', 'Vecino de la universidad que pueda proveer espacios de alojamiento');
 
INSERT INTO CATEGORIASOPERADOR (id, nombre, descripcion)
VALUES (6, 'VIVIENDA_UNIVERSITARIA', 'Empresa de alojamiento registrada como vivienda universitaria');
 
--Agregación de categorías habitación
 
ALTER TABLE CATEGORIASHABITACION
ADD PRIMARY KEY (id);
 
ALTER TABLE CATEGORIASHABITACION
MODIFY nombre NOT NULL;
 
INSERT INTO CATEGORIASHABITACION (id, nombre, descripcion)
VALUES (1, 'ESTÁNDAR', 'Habitación estándar en cualquier espacio de alojamiento');
 
INSERT INTO CATEGORIASHABITACION (id, nombre, descripcion)
VALUES (2, 'SEMISUITE', 'Habitación con nivel de calidad alto en hoteles');
 
INSERT INTO CATEGORIASHABITACION (id, nombre, descripcion)
VALUES (3, 'SUITE', 'Habitación con nivel de calidad superior en hoteles');
 
--Agregación de categorías habitación
 
ALTER TABLE CATEGORIASSERVICIO
ADD PRIMARY KEY (id);
 
ALTER TABLE CATEGORIASSERVICIO
MODIFY nombre NOT NULL;
 
INSERT INTO CATEGORIASSERVICIO (id, nombre, descripcion)
VALUES (1, 'SEGURO', 'Servicio de seguro para espacios que necesiten asegurar su arrendamiento según las reglas de negocio');
 
INSERT INTO CATEGORIASSERVICIO (id, nombre, descripcion)
VALUES (2, 'RECEPCIÓN', 'Servicio de recepción para un espacio dado');
 
INSERT INTO CATEGORIASSERVICIO (id, nombre, descripcion)
VALUES (3, 'COCINA', 'Servicio de cocina integrado en un espacio arrendado');
 
INSERT INTO CATEGORIASSERVICIO (id, nombre, descripcion)
VALUES (4, 'BAÑO_COMPARTIDO', 'Servicio de baño compartido en el espacio con acceso común');
 
INSERT INTO CATEGORIASSERVICIO (id, nombre, descripcion)
VALUES (5, 'BAÑO_PRIVADO', 'Servicio de baño privado en habitaciones con acceso unitario');
 
INSERT INTO CATEGORIASSERVICIO (id, nombre, descripcion)
VALUES (6, 'GIMNASIO', 'Servicio de gimnasio público/privado en el espacio de arrendamiento o las zonas comunes');
 
INSERT INTO CATEGORIASSERVICIO (id, nombre, descripcion)
VALUES (7, 'ASEO', 'Servicio de aseo periódico para el espacio arrendado');
 
INSERT INTO CATEGORIASSERVICIO (id, nombre, descripcion)
VALUES (8, 'TV', 'Servicio de televisión por cable o cualquier medio en el espacio de arrendamiento');
 
INSERT INTO CATEGORIASSERVICIO (id, nombre, descripcion)
VALUES (9, 'INTERNET', 'Servicio de conexión a la red en el espacio arrendado');
 
INSERT INTO CATEGORIASSERVICIO (id, nombre, descripcion)
VALUES (10, 'SERVICIOS_PÚBLICOS', 'Servicios públicos (luz, agua, gas, entre otros) en el espacio de arrendamiento');
 
INSERT INTO CATEGORIASSERVICIO (id, nombre, descripcion)
VALUES (11, 'OTRO', 'Otros servicios que no entren en las categorías anteriores');

--Creación taabla Clientes

CREATE TABLE CLIENTES(
id NUMBER(10,0),
idVinculo NUMBER(10,0),
documento NUMBER(10,0),
nombre VARCHAR2(50),
edad NUMBER(2,0),
direccion VARCHAR2(50)
);
 
ALTER TABLE CLIENTES
MODIFY documento NUMBER(10,0) NOT NULL; 
 
ALTER TABLE CLIENTES
MODIFY nombre VARCHAR2(20) NOT NULL; 
 
ALTER TABLE CLIENTES
MODIFY edad NUMBER(10,0) NOT NULL; 
 
ALTER TABLE CLIENTES
MODIFY idVinculo NOT NULL; 
 
ALTER TABLE CLIENTES
MODIFY id PRIMARY KEY; 
 
ALTER TABLE CLIENTES
ADD CONSTRAINT FK_VINCULO
FOREIGN KEY(idVinculo) REFERENCES VINCULOS(id);
 
INSERT INTO CLIENTES (ID, IDVINCULO, DOCUMENTO, NOMBRE, EDAD, DIRECCION)
VALUES(1,1, 1020820731, 'David Niño', 21, 'cll 32#13-83');
 
INSERT INTO CLIENTES (ID,IDVINCULO, DOCUMENTO, NOMBRE, EDAD, DIRECCION)
VALUES(2,1, 1023956044, 'Nicolás Hernández', 21, 'cll 32#13-83');

INSERT INTO CLIENTES (ID,IDVINCULO, DOCUMENTO, NOMBRE, EDAD, DIRECCION)
VALUES(3,2, 48238593, 'Claudia Jiménez', 30, 'Cra 1 Nº 18A - 12');

INSERT INTO CLIENTES (ID,IDVINCULO, DOCUMENTO, NOMBRE, EDAD, DIRECCION)
VALUES(4,2, 48238093, 'Germán Bravo', 30, 'Cra 1 Nº 18A - 12');

INSERT INTO CLIENTES (ID,IDVINCULO, DOCUMENTO, NOMBRE, EDAD, DIRECCION)
VALUES(5,3, 5829201, 'Carl Sagan', 80, 'Cra 1 Nº 18A - 12');

INSERT INTO CLIENTES (ID,IDVINCULO, DOCUMENTO, NOMBRE, EDAD, DIRECCION)
VALUES(6,3, 10111, 'Lise Meitner', 85, 'Cra 1 Nº 18A - 12');

INSERT INTO CLIENTES (ID,IDVINCULO, DOCUMENTO, NOMBRE, EDAD, DIRECCION)
VALUES(7,4, 46738204, 'Mónica Romero', 40, 'Cra 1 Nº 18A - 12');

INSERT INTO CLIENTES (ID,IDVINCULO, DOCUMENTO, NOMBRE, EDAD, DIRECCION)
VALUES(8,4, 6939201, 'Arturo González', 40, 'Cra 1 Nº 18A - 12');

INSERT INTO CLIENTES (ID,IDVINCULO, DOCUMENTO, NOMBRE, EDAD, DIRECCION)
VALUES(9,5, 9237491, 'Clara Díaz', 53, 'Cra 1 Nº 18A - 12');

INSERT INTO CLIENTES (ID,IDVINCULO, DOCUMENTO, NOMBRE, EDAD, DIRECCION)
VALUES(10,5, 9437283, 'Joaquín Salcedo', 53, 'Cra 1 Nº 18A - 12');

INSERT INTO CLIENTES (ID,IDVINCULO, DOCUMENTO, NOMBRE, EDAD, DIRECCION)
VALUES(11, 6, 9437283, 'Johana Beltrán', 29, 'Cra 1 Nº 18A - 12');

INSERT INTO CLIENTES (ID,IDVINCULO, DOCUMENTO, NOMBRE, EDAD, DIRECCION)
VALUES(12, 6, 65298235, 'Julian Rodriguez', 25, 'Cra 1 Nº 18A - 12');

INSERT INTO CLIENTES (ID,IDVINCULO, DOCUMENTO, NOMBRE, EDAD, DIRECCION)
VALUES(13, 7, 1020348723, 'Daniel Estepa', 21, 'Cra 1 Nº 18A - 12');

INSERT INTO CLIENTES (ID,IDVINCULO, DOCUMENTO, NOMBRE, EDAD, DIRECCION)
VALUES(14, 7, 9610084952, 'Santiago Romero', 16, 'Cra 1 Nº 18A - 12');

--Creación tabla Operadores

CREATE TABLE OPERADORES(
id NUMBER(10,0),
idCategoria NUMBER(10,0),
nombre VARCHAR2(50),
registro NUMBER(20,0),
documento NUMBER(20,0)
);
 
ALTER TABLE OPERADORES
ADD CONSTRAINT FK_CATEGORIAOPERADOR
FOREIGN KEY(idCategoria) REFERENCES CATEGORIASOPERADOR(id);
 
ALTER TABLE OPERADORES
ADD PRIMARY KEY (id);
 
ALTER TABLE OPERADORES 
MODIFY nombre NOT NULL
MODIFY registro UNIQUE
MODIFY documento UNIQUE
MODIFY idCategoria NOT NULL;

INSERT INTO OPERADORES (ID, idCategoria, NOMBRE, REGISTRO, DOCUMENTO)
VALUES(1, 1, 'Aristons', 1, 123); 
 
INSERT INTO OPERADORES (ID, idCategoria, NOMBRE, REGISTRO, DOCUMENTO)
VALUES(2, 1, 'Inter Bogotá', 12, 124); 

INSERT INTO OPERADORES (ID,idCategoria, NOMBRE, REGISTRO, DOCUMENTO)
VALUES(3, 2, 'Reina', 123, 125);

INSERT INTO OPERADORES (ID,idCategoria, NOMBRE, REGISTRO, DOCUMENTO)
VALUES(4, 2, 'Santa Monica', 1234, 126);

INSERT INTO OPERADORES (ID, idCategoria, NOMBRE, DOCUMENTO)
VALUES(5, 3, 'Regina', 127);

INSERT INTO OPERADORES (ID, idCategoria, NOMBRE, DOCUMENTO)
VALUES(6, 3, 'Lucía', 128);

INSERT INTO OPERADORES (ID, idCategoria, NOMBRE, DOCUMENTO)
VALUES(7, 4, 'Andrés Martinez', 129);

INSERT INTO OPERADORES (ID, idCategoria, NOMBRE, DOCUMENTO)
VALUES(8, 4, 'Felipe Agudelo', 130);

INSERT INTO OPERADORES (ID, idCategoria, NOMBRE, DOCUMENTO)
VALUES(9, 5, 'Inés García', 131);

INSERT INTO OPERADORES (ID, idCategoria, NOMBRE, DOCUMENTO)
VALUES(10, 5, 'Elvira Montenegro', 132);

INSERT INTO OPERADORES (ID,idCategoria, NOMBRE, REGISTRO, DOCUMENTO)
VALUES(11, 6, 'CityU', 12345, 133);

INSERT INTO OPERADORES (ID,idCategoria, NOMBRE, REGISTRO, DOCUMENTO)
VALUES(12, 6, 'Livinn', 123456, 134);

--Creación tabla Espacios

CREATE TABLE ESPACIOS(
id NUMBER(20,0),
idOperador NUMBER(20,0),
capacidad NUMBER(20,0),
registro NUMBER(20,0),
direccion VARCHAR2(50),
tamaño NUMBER(20,0),
precio NUMBER(20,2),
fechaRetiro DATE
);
 
ALTER TABLE ESPACIOS
ADD PRIMARY KEY (id);
 
ALTER TABLE ESPACIOS
ADD CONSTRAINT FK_OPERADORESPACIO
FOREIGN KEY (idOperador) REFERENCES OPERADORES (id);
 
ALTER TABLE ESPACIOS
MODIFY  tamaño NOT NULL;
 
ALTER TABLE ESPACIOS
MODIFY  capacidad NOT NULL;
 
ALTER TABLE ESPACIOS
MODIFY  precio NOT NULL;
 
ALTER TABLE ESPACIOS
MODIFY  idOperador NOT NULL;
 
ALTER TABLE ESPACIOS
MODIFY  registro NOT NULL UNIQUE;
ALTER TABLE ESPACIOS
MODIFY  direccion NOT NULL UNIQUE;

ALTER TABLE ESPACIOS
MODIFY  fechaRetiro NOT NULL;
 
INSERT INTO ESPACIOS (ID, IDOPERADOR,CAPACIDAD, REGISTRO, TAMAÑO, DIRECCION, PRECIO,FECHARETIRO)
VALUES (1,1, 3, 13453, 5, 'cll21#12-2piso1', 5000000, TO_DATE('2999-12-31','YYYY-MM-DD'));
 
INSERT INTO ESPACIOS (ID,IDOPERADOR, CAPACIDAD, REGISTRO, TAMAÑO, DIRECCION, PRECIO,FECHARETIRO)
VALUES (2,1, 6, 13454, 2, 'cll21#12-2piso2', 500000, TO_DATE('2015-10-12','YYYY-MM-DD'));

INSERT INTO ESPACIOS (ID,IDOPERADOR, CAPACIDAD, REGISTRO, TAMAÑO, DIRECCION, PRECIO,FECHARETIRO)
VALUES (3,1, 4, 13455, 4, 'cll21#12-2piso3', 50000, TO_DATE('2999-12-31','YYYY-MM-DD'));

INSERT INTO ESPACIOS (ID,IDOPERADOR, CAPACIDAD, REGISTRO, TAMAÑO, DIRECCION, PRECIO,FECHARETIRO)
VALUES (4,2, 12, 13456, 3, 'cll21#12-2piso4', 120000, TO_DATE('2999-12-31','YYYY-MM-DD'));

INSERT INTO ESPACIOS (ID,IDOPERADOR, CAPACIDAD, REGISTRO, TAMAÑO, DIRECCION, PRECIO,FECHARETIRO)
VALUES (5,3, 4, 13457, 2, 'cll21#12-2piso5', 100000, TO_DATE('2999-12-31','YYYY-MM-DD'));

INSERT INTO ESPACIOS (ID,IDOPERADOR, CAPACIDAD, REGISTRO, TAMAÑO, DIRECCION, PRECIO,FECHARETIRO)
VALUES (6,3, 7, 13458, 5, 'cll21#12-2piso6', 500000, TO_DATE('2999-12-31','YYYY-MM-DD'));

INSERT INTO ESPACIOS (ID,IDOPERADOR, CAPACIDAD, REGISTRO, TAMAÑO, DIRECCION, PRECIO,FECHARETIRO)
VALUES (7,3, 8, 13459, 4, 'cll21#12-2piso7', 1000000, TO_DATE('2999-12-31','YYYY-MM-DD'));

INSERT INTO ESPACIOS (ID,IDOPERADOR, CAPACIDAD, REGISTRO, TAMAÑO, DIRECCION, PRECIO,FECHARETIRO)
VALUES (8, 4, 4, 13460, 5, 'cll21#12-2piso8', 500000, TO_DATE('2999-12-31','YYYY-MM-DD'));

INSERT INTO ESPACIOS (ID,IDOPERADOR, CAPACIDAD, REGISTRO, TAMAÑO, DIRECCION, PRECIO,FECHARETIRO)
VALUES (9, 4, 3, 13461, 3, 'cll21#12-2piso9', 200000, TO_DATE('2019-12-31','YYYY-MM-DD'));

INSERT INTO ESPACIOS (ID,IDOPERADOR, CAPACIDAD, REGISTRO, TAMAÑO, DIRECCION, PRECIO,FECHARETIRO)
VALUES (10, 5, 5, 13462, 2, 'cll21#12-2piso10', 150000, TO_DATE('2999-12-31','YYYY-MM-DD'));

INSERT INTO ESPACIOS (ID,IDOPERADOR, CAPACIDAD, REGISTRO, TAMAÑO, DIRECCION, PRECIO,FECHARETIRO)
VALUES (11, 6, 9, 13463, 4, 'cll21#12-2piso11', 500000, TO_DATE('2999-12-31','YYYY-MM-DD'));

INSERT INTO ESPACIOS (ID,IDOPERADOR, CAPACIDAD, REGISTRO, TAMAÑO, DIRECCION, PRECIO,FECHARETIRO)
VALUES (12, 7, 4, 13464, 5, 'cll21#12-2piso12', 5000000, TO_DATE('2999-12-31','YYYY-MM-DD'));

INSERT INTO ESPACIOS (ID, IDOPERADOR,CAPACIDAD, REGISTRO, TAMAÑO, DIRECCION, PRECIO,FECHARETIRO)
VALUES (13,8, 6, 13465, 7, 'cll21#12-2piso13', 2000000, TO_DATE('2019-07-02','YYYY-MM-DD'));
 
INSERT INTO ESPACIOS (ID,IDOPERADOR, CAPACIDAD, REGISTRO, TAMAÑO, DIRECCION, PRECIO,FECHARETIRO)
VALUES (14,9, 6, 13466, 3, 'cll21#12-2piso14', 500000, TO_DATE('2999-12-31','YYYY-MM-DD'));

INSERT INTO ESPACIOS (ID,IDOPERADOR, CAPACIDAD, REGISTRO, TAMAÑO, DIRECCION, PRECIO,FECHARETIRO)
VALUES (15,10, 4, 13467, 5, 'cll21#12-2piso15', 3500000, TO_DATE('1995-12-31','YYYY-MM-DD'));

INSERT INTO ESPACIOS (ID,IDOPERADOR, CAPACIDAD, REGISTRO, TAMAÑO, DIRECCION, PRECIO,FECHARETIRO)
VALUES (16,4, 5, 13468, 5, 'cll21#12-2piso16', 100000, TO_DATE('2999-12-31','YYYY-MM-DD'));

INSERT INTO ESPACIOS (ID,IDOPERADOR, CAPACIDAD, REGISTRO, TAMAÑO, DIRECCION, PRECIO,FECHARETIRO)
VALUES (17,7, 5, 13469, 6, 'cll21#12-2piso17', 500000, TO_DATE('2019-12-31','YYYY-MM-DD'));

INSERT INTO ESPACIOS (ID,IDOPERADOR, CAPACIDAD, REGISTRO, TAMAÑO, DIRECCION, PRECIO,FECHARETIRO)
VALUES (18,7, 3, 13470, 5, 'cll21#12-2piso18', 50000, TO_DATE('2999-12-31','YYYY-MM-DD'));

INSERT INTO ESPACIOS (ID,IDOPERADOR, CAPACIDAD, REGISTRO, TAMAÑO, DIRECCION, PRECIO,FECHARETIRO)
VALUES (19,8, 6, 1341, 4, 'cll21#12-2piso19', 300000, TO_DATE('2018-04-23','YYYY-MM-DD'));

INSERT INTO ESPACIOS (ID,IDOPERADOR, CAPACIDAD, REGISTRO, TAMAÑO, DIRECCION, PRECIO,FECHARETIRO)
VALUES (20, 10, 7, 13472, 5, 'cll21#12-2piso20', 40000, TO_DATE('2999-12-31','YYYY-MM-DD'));

INSERT INTO ESPACIOS (ID,IDOPERADOR, CAPACIDAD, REGISTRO, TAMAÑO, DIRECCION, PRECIO,FECHARETIRO)
VALUES (21, 10, 7, 13473, 2, 'cll21#12-2piso21', 10000, TO_DATE('2999-12-31','YYYY-MM-DD'));

INSERT INTO ESPACIOS (ID,IDOPERADOR, CAPACIDAD, REGISTRO, TAMAÑO, DIRECCION, PRECIO,FECHARETIRO)
VALUES (22, 11, 3, 13474, 6, 'cll21#12-2piso22', 5000000, TO_DATE('2999-12-31','YYYY-MM-DD'));

INSERT INTO ESPACIOS (ID,IDOPERADOR, CAPACIDAD, REGISTRO, TAMAÑO, DIRECCION, PRECIO,FECHARETIRO)
VALUES (23, 9, 5, 13475, 7, 'cll21#12-2piso23', 10000000, TO_DATE('2013-12-31','YYYY-MM-DD'));

INSERT INTO ESPACIOS (ID,IDOPERADOR, CAPACIDAD, REGISTRO, TAMAÑO, DIRECCION, PRECIO,FECHARETIRO)
VALUES (24, 10, 5, 13476, 3, 'cll21#12-2piso24', 500000, TO_DATE('2999-12-31','YYYY-MM-DD'));



--Creación tabla Habitaciones

CREATE TABLE HABITACIONES(
id NUMBER(20,0),
idEspacio NUMBER(20,0),
idCategoria NUMBER(20,0),
capacidad NUMBER(20,0),
compartido CHAR(1) CHECK(compartido IN('Y','N'))
);
 
ALTER TABLE HABITACIONES
ADD CONSTRAINT FK_ESPACIOHABITACION
FOREIGN KEY(idEspacio) REFERENCES ESPACIOS(id);
 
ALTER TABLE HABITACIONES 
ADD PRIMARY KEY (id);
 
ALTER TABLE HABITACIONES
ADD CONSTRAINT FK_CATEGORIAHABITACION
FOREIGN KEY(idCategoria) REFERENCES CATEGORIASHABITACION(id);
 
ALTER TABLE HABITACIONES 
MODIFY compartido NOT NULL
MODIFY capacidad NOT NULL
MODIFY idEspacio NOT NULL
MODIFY idCategoria NOT NULL;
 
INSERT INTO HABITACIONES (id, idEspacio, idCategoria, capacidad, compartido)
VALUES (1, 1, 3, 3, 'N');
 
INSERT INTO HABITACIONES (id, idEspacio, idCategoria, capacidad, compartido)
VALUES (2, 2, 3, 3, 'N');

INSERT INTO HABITACIONES (id, idEspacio, idCategoria, capacidad, compartido)
VALUES (3, 2, 2, 3, 'N');
 
INSERT INTO HABITACIONES (id, idEspacio, idCategoria, capacidad, compartido)
VALUES (4,3, 2, 2, 'N');

INSERT INTO HABITACIONES (id, idEspacio, idCategoria, capacidad, compartido)
VALUES (5,3, 1, 2, 'Y');
 
INSERT INTO HABITACIONES (id, idEspacio, idCategoria, capacidad, compartido)
VALUES (6, 4, 1, 12, 'Y');

INSERT INTO HABITACIONES (id, idEspacio, idCategoria, capacidad, compartido)
VALUES (7, 5, 1, 2, 'N');

INSERT INTO HABITACIONES (id, idEspacio, idCategoria, capacidad, compartido)
VALUES (8, 5, 1, 2, 'Y');
 
INSERT INTO HABITACIONES (id, idEspacio, idCategoria, capacidad, compartido)
VALUES (9, 6, 1, 2, 'Y');

INSERT INTO HABITACIONES (id, idEspacio, idCategoria, capacidad, compartido)
VALUES (10,6, 2, 3, 'N');

INSERT INTO HABITACIONES (id, idEspacio, idCategoria, capacidad, compartido)
VALUES (11,6, 2, 2, 'N');
 
INSERT INTO HABITACIONES (id, idEspacio, idCategoria, capacidad, compartido)
VALUES (12, 7, 3, 3, 'N');

INSERT INTO HABITACIONES (id, idEspacio, idCategoria, capacidad, compartido)
VALUES (13, 7, 3, 3, 'N');

INSERT INTO HABITACIONES (id, idEspacio, idCategoria, capacidad, compartido)
VALUES (14, 7, 3, 2, 'N');

INSERT INTO HABITACIONES (id, idEspacio, idCategoria, capacidad, compartido)
VALUES (15, 8, 3, 2, 'N');

INSERT INTO HABITACIONES (id, idEspacio, idCategoria, capacidad, compartido)
VALUES (16, 8, 1, 2, 'N');

INSERT INTO HABITACIONES (id, idEspacio, idCategoria, capacidad, compartido)
VALUES (17, 9, 2, 1, 'Y');
 
INSERT INTO HABITACIONES (id, idEspacio, idCategoria, capacidad, compartido)
VALUES (18, 9, 2, 2, 'Y');
 
INSERT INTO HABITACIONES (id, idEspacio, idCategoria, capacidad, compartido)
VALUES (22, 10, 1, 3, 'Y');

INSERT INTO HABITACIONES (id, idEspacio, idCategoria, capacidad, compartido)
VALUES (23, 10, 2, 2, 'Y');

INSERT INTO HABITACIONES (id, idEspacio, idCategoria, capacidad, compartido)
VALUES (24, 11, 3, 2, 'N');

INSERT INTO HABITACIONES (id, idEspacio, idCategoria, capacidad, compartido)
VALUES (25, 11, 1, 3, 'N');

INSERT INTO HABITACIONES (id, idEspacio, idCategoria, capacidad, compartido)
VALUES (26, 11, 1, 2, 'Y');

INSERT INTO HABITACIONES (id, idEspacio, idCategoria, capacidad, compartido)
VALUES (27, 11, 2, 2, 'N');

INSERT INTO HABITACIONES (id, idEspacio, idCategoria, capacidad, compartido)
VALUES (28, 12, 1, 2, 'Y');

INSERT INTO HABITACIONES (id, idEspacio, idCategoria, capacidad, compartido)
VALUES (29, 12, 2, 2, 'Y');

INSERT INTO HABITACIONES (id, idEspacio, idCategoria, capacidad, compartido)
VALUES (30, 13, 3, 3, 'Y');

INSERT INTO HABITACIONES (id, idEspacio, idCategoria, capacidad, compartido)
VALUES (31, 13, 3, 3, 'Y');

INSERT INTO HABITACIONES (id, idEspacio, idCategoria, capacidad, compartido)
VALUES (32, 14, 2, 3, 'Y');

INSERT INTO HABITACIONES (id, idEspacio, idCategoria, capacidad, compartido)
VALUES (33, 14, 1, 3, 'Y');

INSERT INTO HABITACIONES (id, idEspacio, idCategoria, capacidad, compartido)
VALUES (34, 15, 1, 2, 'Y');

INSERT INTO HABITACIONES (id, idEspacio, idCategoria, capacidad, compartido)
VALUES (35, 15, 3, 2, 'Y');

INSERT INTO HABITACIONES (id, idEspacio, idCategoria, capacidad, compartido)
VALUES (36, 16, 2, 2, 'Y');

INSERT INTO HABITACIONES (id, idEspacio, idCategoria, capacidad, compartido)
VALUES (37, 16, 2, 3, 'Y');

INSERT INTO HABITACIONES (id, idEspacio, idCategoria, capacidad, compartido)
VALUES (38, 17, 1, 3, 'Y');

INSERT INTO HABITACIONES (id, idEspacio, idCategoria, capacidad, compartido)
VALUES (39, 17, 1, 2, 'Y');

INSERT INTO HABITACIONES (id, idEspacio, idCategoria, capacidad, compartido)
VALUES (40, 18, 3, 3, 'Y');

INSERT INTO HABITACIONES (id, idEspacio, idCategoria, capacidad, compartido)
VALUES (41, 19, 1, 2, 'Y');

INSERT INTO HABITACIONES (id, idEspacio, idCategoria, capacidad, compartido)
VALUES (42, 19, 3, 2, 'Y');

INSERT INTO HABITACIONES (id, idEspacio, idCategoria, capacidad, compartido)
VALUES (43, 19, 3, 2, 'Y');

INSERT INTO HABITACIONES (id, idEspacio, idCategoria, capacidad, compartido)
VALUES (44, 20, 1, 2, 'Y');

INSERT INTO HABITACIONES (id, idEspacio, idCategoria, capacidad, compartido)
VALUES (45, 20, 1, 2, 'Y');

INSERT INTO HABITACIONES (id, idEspacio, idCategoria, capacidad, compartido)
VALUES (46, 20, 2, 3, 'Y');

INSERT INTO HABITACIONES (id, idEspacio, idCategoria, capacidad, compartido)
VALUES (47, 21, 3, 2, 'Y');

INSERT INTO HABITACIONES (id, idEspacio, idCategoria, capacidad, compartido)
VALUES (48, 21, 2, 2, 'Y');

INSERT INTO HABITACIONES (id, idEspacio, idCategoria, capacidad, compartido)
VALUES (49, 21, 1, 3, 'Y');

INSERT INTO HABITACIONES (id, idEspacio, idCategoria, capacidad, compartido)
VALUES (50, 22, 3, 3, 'Y');

INSERT INTO HABITACIONES (id, idEspacio, idCategoria, capacidad, compartido)
VALUES (51, 23, 3, 3, 'Y');

INSERT INTO HABITACIONES (id, idEspacio, idCategoria, capacidad, compartido)
VALUES (52, 23, 2, 2, 'Y');

INSERT INTO HABITACIONES (id, idEspacio, idCategoria, capacidad, compartido)
VALUES (53, 24, 3, 3, 'Y');

INSERT INTO HABITACIONES (id, idEspacio, idCategoria, capacidad, compartido)
VALUES (54, 24, 2, 2, 'Y');

--Creación tabla Servicios

CREATE TABLE SERVICIOS(
id NUMBER(20,0),
idEspacio NUMBER(20,0),
idCategoria NUMBER(20,0),
inicioHorario NUMBER(20,0),
finHorario NUMBER(20,0),
precioAdicional NUMBER(20,0),
descripcion VARCHAR2(100)
);
 
ALTER TABLE SERVICIOS
ADD CONSTRAINT FK_ESPACIOSERVICIO
FOREIGN KEY(idEspacio) REFERENCES ESPACIOS(id);
 
ALTER TABLE SERVICIOS
ADD CONSTRAINT FK_CATEGORIASERVICIO
FOREIGN KEY(idCategoria) REFERENCES CATEGORIASSERVICIO(id);
 
ALTER TABLE SERVICIOS
ADD PRIMARY KEY (id);
 
ALTER TABLE SERVICIOS
MODIFY idCategoria NOT NULL;
 
ALTER TABLE SERVICIOS
MODIFY precioAdicional NOT NULL;
 
ALTER TABLE SERVICIOS
MODIFY descripcion NOT NULL
MODIFY inicioHorario NOT NULL
MODIFY finHorario NOT NULL;
 
INSERT INTO SERVICIOS (ID, IDESPACIO, IDCATEGORIA,FINHORARIO, INICIOHORARIO, PRECIOADICIONAL, DESCRIPCION)
VALUES(1,1, 11, 20, 7, 120000, 'Jacuzzi');

INSERT INTO SERVICIOS (ID, IDESPACIO, IDCATEGORIA,FINHORARIO, INICIOHORARIO, PRECIOADICIONAL, DESCRIPCION)
VALUES(2, 7, 11,20, 7, 120000, 'Jacuzzi');

INSERT INTO SERVICIOS (ID, IDESPACIO, IDCATEGORIA,FINHORARIO, INICIOHORARIO, PRECIOADICIONAL, DESCRIPCION)
VALUES(3, 12, 11,20, 7, 120000, 'Jacuzzi');

INSERT INTO SERVICIOS (ID, IDESPACIO, IDCATEGORIA,FINHORARIO, INICIOHORARIO, PRECIOADICIONAL, DESCRIPCION)
VALUES(4, 13, 11,20, 7, 120000, 'Jacuzzi');

INSERT INTO SERVICIOS (ID, IDESPACIO, IDCATEGORIA,FINHORARIO, INICIOHORARIO, PRECIOADICIONAL, DESCRIPCION)
VALUES(5,15, 11,20, 7, 120000, 'Jacuzzi');

INSERT INTO SERVICIOS (ID, IDESPACIO, IDCATEGORIA,FINHORARIO, INICIOHORARIO, PRECIOADICIONAL, DESCRIPCION)
VALUES(6, 22, 11,20, 7, 120000, 'Jacuzzi');

INSERT INTO SERVICIOS (ID, IDESPACIO, IDCATEGORIA,FINHORARIO, INICIOHORARIO, PRECIOADICIONAL, DESCRIPCION)
VALUES(7, 23, 11, 20, 7, 120000, 'Jacuzzi');

INSERT INTO SERVICIOS (ID,IDESPACIO,IDCATEGORIA, FINHORARIO, INICIOHORARIO, PRECIOADICIONAL, DESCRIPCION)
VALUES(8, 3, 11,20, 7, 0, 'LETRINA');

INSERT INTO SERVICIOS (ID,IDESPACIO,IDCATEGORIA, FINHORARIO, INICIOHORARIO, PRECIOADICIONAL, DESCRIPCION)
VALUES(9, 4, 11,20, 7, 0, 'LETRINA');

INSERT INTO SERVICIOS (ID,IDESPACIO,IDCATEGORIA, FINHORARIO, INICIOHORARIO, PRECIOADICIONAL, DESCRIPCION)
VALUES(10, 5, 11,20, 7, 0, 'LETRINA');

INSERT INTO SERVICIOS (ID,IDESPACIO,IDCATEGORIA, FINHORARIO, INICIOHORARIO, PRECIOADICIONAL, DESCRIPCION)
VALUES(11, 16, 11,20, 7, 0, 'LETRINA');

INSERT INTO SERVICIOS (ID,IDESPACIO,IDCATEGORIA, FINHORARIO, INICIOHORARIO, PRECIOADICIONAL, DESCRIPCION)
VALUES(12,18, 11,20, 7, 0, 'LETRINA');

INSERT INTO SERVICIOS (ID,IDESPACIO,IDCATEGORIA, FINHORARIO, INICIOHORARIO, PRECIOADICIONAL, DESCRIPCION)
VALUES(13, 20, 11,20, 7, 0, 'LETRINA');

INSERT INTO SERVICIOS (ID,IDESPACIO,IDCATEGORIA, FINHORARIO, INICIOHORARIO, PRECIOADICIONAL, DESCRIPCION)
VALUES(14, 21, 11,20, 7, 0, 'LETRINA');

INSERT INTO SERVICIOS (ID,IDESPACIO,IDCATEGORIA, FINHORARIO, INICIOHORARIO, PRECIOADICIONAL, DESCRIPCION)
VALUES(15, 1,8, 24, 0, 0, 'TV claro');

INSERT INTO SERVICIOS (ID,IDESPACIO,IDCATEGORIA, FINHORARIO, INICIOHORARIO, PRECIOADICIONAL, DESCRIPCION)
VALUES(16, 2, 11,8, 24, 0, 'TV claro');

INSERT INTO SERVICIOS (ID,IDESPACIO,IDCATEGORIA, FINHORARIO, INICIOHORARIO, PRECIOADICIONAL, DESCRIPCION)
VALUES(17, 3, 11,8, 24, 0, 'TV claro');

INSERT INTO SERVICIOS (ID,IDESPACIO,IDCATEGORIA, FINHORARIO, INICIOHORARIO, PRECIOADICIONAL, DESCRIPCION)
VALUES(18, 4, 11,8, 24, 0, 'TV claro');

INSERT INTO SERVICIOS (ID,IDESPACIO,IDCATEGORIA, FINHORARIO, INICIOHORARIO, PRECIOADICIONAL, DESCRIPCION)
VALUES(19, 5, 11,8, 24, 0, 'TV claro');

INSERT INTO SERVICIOS (ID,IDESPACIO,IDCATEGORIA, FINHORARIO, INICIOHORARIO, PRECIOADICIONAL, DESCRIPCION)
VALUES(20, 6, 11,8, 24, 0, 'TV claro');

INSERT INTO SERVICIOS (ID,IDESPACIO,IDCATEGORIA, FINHORARIO, INICIOHORARIO, PRECIOADICIONAL, DESCRIPCION)
VALUES(21, 7, 11,8, 24, 0, 'TV claro');

INSERT INTO SERVICIOS (ID,IDESPACIO,IDCATEGORIA, FINHORARIO, INICIOHORARIO, PRECIOADICIONAL, DESCRIPCION)
VALUES(22, 8, 11,8, 24, 0, 'TV claro');

INSERT INTO SERVICIOS (ID,IDESPACIO,IDCATEGORIA, FINHORARIO, INICIOHORARIO, PRECIOADICIONAL, DESCRIPCION)
VALUES(23, 9, 11,8, 24, 0, 'TV claro');

INSERT INTO SERVICIOS (ID,IDESPACIO,IDCATEGORIA, FINHORARIO, INICIOHORARIO, PRECIOADICIONAL, DESCRIPCION)
VALUES(24, 10, 11,8, 24, 0, 'TV claro');

INSERT INTO SERVICIOS (ID,IDESPACIO,IDCATEGORIA, FINHORARIO, INICIOHORARIO, PRECIOADICIONAL, DESCRIPCION)
VALUES(25, 11, 11,8, 24, 0, 'TV claro');

INSERT INTO SERVICIOS (ID,IDESPACIO,IDCATEGORIA, FINHORARIO, INICIOHORARIO, PRECIOADICIONAL, DESCRIPCION)
VALUES(26, 12, 11,8, 24, 0, 'TV claro');

INSERT INTO SERVICIOS (ID,IDESPACIO,IDCATEGORIA, FINHORARIO, INICIOHORARIO, PRECIOADICIONAL, DESCRIPCION)
VALUES(27, 13, 11,8, 24, 0, 'TV claro');

INSERT INTO SERVICIOS (ID,IDESPACIO,IDCATEGORIA, FINHORARIO, INICIOHORARIO, PRECIOADICIONAL, DESCRIPCION)
VALUES(28, 14, 11,8, 24, 0, 'TV claro');

INSERT INTO SERVICIOS (ID,IDESPACIO,IDCATEGORIA, FINHORARIO, INICIOHORARIO, PRECIOADICIONAL, DESCRIPCION)
VALUES(29, 15, 11,8, 24, 0, 'TV claro');

INSERT INTO SERVICIOS (ID,IDESPACIO,IDCATEGORIA, FINHORARIO, INICIOHORARIO, PRECIOADICIONAL, DESCRIPCION)
VALUES(30, 16, 11,8, 24, 0, 'TV claro');

INSERT INTO SERVICIOS (ID,IDESPACIO,IDCATEGORIA, FINHORARIO, INICIOHORARIO, PRECIOADICIONAL, DESCRIPCION)
VALUES(31, 17, 11,8, 24, 0, 'TV claro');

INSERT INTO SERVICIOS (ID,IDESPACIO,IDCATEGORIA, FINHORARIO, INICIOHORARIO, PRECIOADICIONAL, DESCRIPCION)
VALUES(32, 18, 11,8, 24, 0, 'TV claro');

INSERT INTO SERVICIOS (ID,IDESPACIO,IDCATEGORIA, FINHORARIO, INICIOHORARIO, PRECIOADICIONAL, DESCRIPCION)
VALUES(33, 19, 11,8, 24, 0, 'TV claro');

INSERT INTO SERVICIOS (ID,IDESPACIO,IDCATEGORIA, FINHORARIO, INICIOHORARIO, PRECIOADICIONAL, DESCRIPCION)
VALUES(34, 20, 11,8, 24, 0, 'TV claro');

INSERT INTO SERVICIOS (ID,IDESPACIO,IDCATEGORIA, FINHORARIO, INICIOHORARIO, PRECIOADICIONAL, DESCRIPCION)
VALUES(35, 21, 11,8, 24, 0, 'TV claro');

INSERT INTO SERVICIOS (ID,IDESPACIO,IDCATEGORIA, FINHORARIO, INICIOHORARIO, PRECIOADICIONAL, DESCRIPCION)
VALUES(36, 22, 11,8, 24, 0, 'TV claro');

INSERT INTO SERVICIOS (ID,IDESPACIO,IDCATEGORIA, FINHORARIO, INICIOHORARIO, PRECIOADICIONAL, DESCRIPCION)
VALUES(37, 23, 11,8, 24, 0, 'TV claro');

INSERT INTO SERVICIOS (ID,IDESPACIO,IDCATEGORIA, FINHORARIO, INICIOHORARIO, PRECIOADICIONAL, DESCRIPCION)
VALUES(38, 24, 11,8, 24, 0, 'TV claro');

INSERT INTO SERVICIOS (ID,IDESPACIO,IDCATEGORIA, FINHORARIO, INICIOHORARIO, PRECIOADICIONAL, DESCRIPCION)
VALUES(39, 1, 11,20, 7, 0, 'SAUNA');

INSERT INTO SERVICIOS (ID,IDESPACIO,IDCATEGORIA, FINHORARIO, INICIOHORARIO, PRECIOADICIONAL, DESCRIPCION)
VALUES(40, 7, 11,20, 7, 0, 'SAUNA');

INSERT INTO SERVICIOS (ID,IDESPACIO,IDCATEGORIA, FINHORARIO, INICIOHORARIO, PRECIOADICIONAL, DESCRIPCION)
VALUES(41, 12, 11,20, 7, 0, 'SAUNA');

INSERT INTO SERVICIOS (ID,IDESPACIO,IDCATEGORIA, FINHORARIO, INICIOHORARIO, PRECIOADICIONAL, DESCRIPCION)
VALUES(42, 13, 11,20, 7, 0, 'SAUNA');

INSERT INTO SERVICIOS (ID,IDESPACIO,IDCATEGORIA, FINHORARIO, INICIOHORARIO, PRECIOADICIONAL, DESCRIPCION)
VALUES(43, 15, 11,20, 7, 0, 'SAUNA');

INSERT INTO SERVICIOS (ID,IDESPACIO,IDCATEGORIA, FINHORARIO, INICIOHORARIO, PRECIOADICIONAL, DESCRIPCION)
VALUES(44, 1, 11,20, 7, 0, 'piscina');

INSERT INTO SERVICIOS (ID,IDESPACIO,IDCATEGORIA, FINHORARIO, INICIOHORARIO, PRECIOADICIONAL, DESCRIPCION)
VALUES(45, 7, 11,20, 7, 0, 'piscina');

INSERT INTO SERVICIOS (ID,IDESPACIO,IDCATEGORIA, FINHORARIO, INICIOHORARIO, PRECIOADICIONAL, DESCRIPCION)
VALUES(46, 12, 11,20, 7, 0, 'piscina');

INSERT INTO SERVICIOS (ID,IDESPACIO,IDCATEGORIA, FINHORARIO, INICIOHORARIO, PRECIOADICIONAL, DESCRIPCION)
VALUES(47, 13, 11,20, 7, 0, 'piscina');

INSERT INTO SERVICIOS (ID,IDESPACIO,IDCATEGORIA, FINHORARIO, INICIOHORARIO, PRECIOADICIONAL, DESCRIPCION)
VALUES(48, 15, 11,20, 7, 0, 'piscina');

INSERT INTO SERVICIOS (ID,IDESPACIO,IDCATEGORIA, FINHORARIO, INICIOHORARIO, PRECIOADICIONAL, DESCRIPCION)
VALUES(49, 22, 11,20, 7, 0, 'piscina');

INSERT INTO SERVICIOS (ID,IDESPACIO,IDCATEGORIA, FINHORARIO, INICIOHORARIO, PRECIOADICIONAL, DESCRIPCION)
VALUES(50, 23, 11,20, 7, 0, 'piscina');

INSERT INTO SERVICIOS (ID,IDESPACIO,IDCATEGORIA, FINHORARIO, INICIOHORARIO, PRECIOADICIONAL, DESCRIPCION)
VALUES(51, 1, 1,24, 0, 120000, 'seguro');

INSERT INTO SERVICIOS (ID,IDESPACIO,IDCATEGORIA, FINHORARIO, INICIOHORARIO, PRECIOADICIONAL, DESCRIPCION)
VALUES(52, 2, 1,24, 0, 120000, 'seguro');

INSERT INTO SERVICIOS (ID,IDESPACIO,IDCATEGORIA, FINHORARIO, INICIOHORARIO, PRECIOADICIONAL, DESCRIPCION)
VALUES(53, 3, 1,24, 0, 120000, 'seguro');

INSERT INTO SERVICIOS (ID,IDESPACIO,IDCATEGORIA, FINHORARIO, INICIOHORARIO, PRECIOADICIONAL, DESCRIPCION)
VALUES(54, 4, 1,24, 0, 120000, 'seguro');

INSERT INTO SERVICIOS (ID,IDESPACIO,IDCATEGORIA, FINHORARIO, INICIOHORARIO, PRECIOADICIONAL, DESCRIPCION)
VALUES(55, 5, 1,24, 0, 120000, 'seguro');

INSERT INTO SERVICIOS (ID,IDESPACIO,IDCATEGORIA, FINHORARIO, INICIOHORARIO, PRECIOADICIONAL, DESCRIPCION)
VALUES(56, 6, 1,24, 0, 120000, 'seguro');

INSERT INTO SERVICIOS (ID,IDESPACIO,IDCATEGORIA, FINHORARIO, INICIOHORARIO, PRECIOADICIONAL, DESCRIPCION)
VALUES(57, 7, 1,24, 0, 120000, 'seguro');

INSERT INTO SERVICIOS (ID,IDESPACIO,IDCATEGORIA, FINHORARIO, INICIOHORARIO, PRECIOADICIONAL, DESCRIPCION)
VALUES(58, 8, 1,24, 0, 120000, 'seguro');

INSERT INTO SERVICIOS (ID,IDESPACIO,IDCATEGORIA, FINHORARIO, INICIOHORARIO, PRECIOADICIONAL, DESCRIPCION)
VALUES(59, 9, 1,24, 0, 120000, 'seguro');

INSERT INTO SERVICIOS (ID,IDESPACIO,IDCATEGORIA, FINHORARIO, INICIOHORARIO, PRECIOADICIONAL, DESCRIPCION)
VALUES(60, 10, 1,24, 0, 120000, 'seguro');

INSERT INTO SERVICIOS (ID,IDESPACIO,IDCATEGORIA, FINHORARIO, INICIOHORARIO, PRECIOADICIONAL, DESCRIPCION)
VALUES(61, 11, 1,24, 0, 120000, 'seguro');

INSERT INTO SERVICIOS (ID,IDESPACIO,IDCATEGORIA, FINHORARIO, INICIOHORARIO, PRECIOADICIONAL, DESCRIPCION)
VALUES(62, 12, 1,24, 0, 120000, 'seguro');

INSERT INTO SERVICIOS (ID,IDESPACIO,IDCATEGORIA, FINHORARIO, INICIOHORARIO, PRECIOADICIONAL, DESCRIPCION)
VALUES(63, 13, 1,24, 0, 120000, 'seguro');

INSERT INTO SERVICIOS (ID,IDESPACIO,IDCATEGORIA, FINHORARIO, INICIOHORARIO, PRECIOADICIONAL, DESCRIPCION)
VALUES(64, 14, 1,24, 0, 120000, 'seguro');

INSERT INTO SERVICIOS (ID,IDESPACIO,IDCATEGORIA, FINHORARIO, INICIOHORARIO, PRECIOADICIONAL, DESCRIPCION)
VALUES(65, 15, 1,24, 0, 120000, 'seguro');

INSERT INTO SERVICIOS (ID,IDESPACIO,IDCATEGORIA, FINHORARIO, INICIOHORARIO, PRECIOADICIONAL, DESCRIPCION)
VALUES(66, 16, 1,24, 0, 120000, 'seguro');

INSERT INTO SERVICIOS (ID,IDESPACIO,IDCATEGORIA, FINHORARIO, INICIOHORARIO, PRECIOADICIONAL, DESCRIPCION)
VALUES(67, 1, 9,20, 7, 0, 'Internet etb');

INSERT INTO SERVICIOS (ID,IDESPACIO,IDCATEGORIA, FINHORARIO, INICIOHORARIO, PRECIOADICIONAL, DESCRIPCION)
VALUES(68,2, 9,20, 7, 0, 'Internet etb');

INSERT INTO SERVICIOS (ID,IDESPACIO,IDCATEGORIA, FINHORARIO, INICIOHORARIO, PRECIOADICIONAL, DESCRIPCION)
VALUES(69,3, 9,20, 7, 0, 'Internet etb');

INSERT INTO SERVICIOS (ID,IDESPACIO,IDCATEGORIA, FINHORARIO, INICIOHORARIO, PRECIOADICIONAL, DESCRIPCION)
VALUES(70,4, 9,20, 7, 0, 'Internet etb');

INSERT INTO SERVICIOS (ID,IDESPACIO,IDCATEGORIA, FINHORARIO, INICIOHORARIO, PRECIOADICIONAL, DESCRIPCION)
VALUES(71,5, 9,20, 7, 0, 'Internet etb');

INSERT INTO SERVICIOS (ID,IDESPACIO,IDCATEGORIA, FINHORARIO, INICIOHORARIO, PRECIOADICIONAL, DESCRIPCION)
VALUES(72,6, 9,20, 7, 0, 'Internet etb');

INSERT INTO SERVICIOS (ID,IDESPACIO,IDCATEGORIA, FINHORARIO, INICIOHORARIO, PRECIOADICIONAL, DESCRIPCION)
VALUES(73,7, 9,20, 7, 0, 'Internet etb');

INSERT INTO SERVICIOS (ID,IDESPACIO,IDCATEGORIA, FINHORARIO, INICIOHORARIO, PRECIOADICIONAL, DESCRIPCION)
VALUES(74,8, 9,20, 7, 0, 'Internet etb');

INSERT INTO SERVICIOS (ID,IDESPACIO,IDCATEGORIA, FINHORARIO, INICIOHORARIO, PRECIOADICIONAL, DESCRIPCION)
VALUES(75,9, 9,20, 7, 0, 'Internet etb');

INSERT INTO SERVICIOS (ID,IDESPACIO,IDCATEGORIA, FINHORARIO, INICIOHORARIO, PRECIOADICIONAL, DESCRIPCION)
VALUES(76,10, 9,20, 7, 0, 'Internet etb');

INSERT INTO SERVICIOS (ID,IDESPACIO,IDCATEGORIA, FINHORARIO, INICIOHORARIO, PRECIOADICIONAL, DESCRIPCION)
VALUES(77,11, 9,20, 7, 0, 'Internet etb');

INSERT INTO SERVICIOS (ID,IDESPACIO,IDCATEGORIA, FINHORARIO, INICIOHORARIO, PRECIOADICIONAL, DESCRIPCION)
VALUES(78,12, 9,20, 7, 0, 'Internet etb');

INSERT INTO SERVICIOS (ID,IDESPACIO,IDCATEGORIA, FINHORARIO, INICIOHORARIO, PRECIOADICIONAL, DESCRIPCION)
VALUES(79,13, 9,20, 7, 0, 'Internet etb');

INSERT INTO SERVICIOS (ID,IDESPACIO,IDCATEGORIA, FINHORARIO, INICIOHORARIO, PRECIOADICIONAL, DESCRIPCION)
VALUES(80,14, 9,20, 7, 0, 'Internet etb');

INSERT INTO SERVICIOS (ID,IDESPACIO,IDCATEGORIA, FINHORARIO, INICIOHORARIO, PRECIOADICIONAL, DESCRIPCION)
VALUES(81,15, 9,20, 7, 0, 'Internet etb');

INSERT INTO SERVICIOS (ID,IDESPACIO,IDCATEGORIA, FINHORARIO, INICIOHORARIO, PRECIOADICIONAL, DESCRIPCION)
VALUES(82,16, 9,20, 7, 0, 'Internet etb');

INSERT INTO SERVICIOS (ID,IDESPACIO,IDCATEGORIA, FINHORARIO, INICIOHORARIO, PRECIOADICIONAL, DESCRIPCION)
VALUES(83,17, 9,20, 7, 0, 'Internet etb');

INSERT INTO SERVICIOS (ID,IDESPACIO,IDCATEGORIA, FINHORARIO, INICIOHORARIO, PRECIOADICIONAL, DESCRIPCION)
VALUES(84,18, 9,20, 7, 0, 'Internet etb');

INSERT INTO SERVICIOS (ID,IDESPACIO,IDCATEGORIA, FINHORARIO, INICIOHORARIO, PRECIOADICIONAL, DESCRIPCION)
VALUES(85,19, 9,20, 7, 0, 'Internet etb');

INSERT INTO SERVICIOS (ID,IDESPACIO,IDCATEGORIA, FINHORARIO, INICIOHORARIO, PRECIOADICIONAL, DESCRIPCION)
VALUES(86,20, 9,20, 7, 0, 'Internet etb');

INSERT INTO SERVICIOS (ID,IDESPACIO,IDCATEGORIA, FINHORARIO, INICIOHORARIO, PRECIOADICIONAL, DESCRIPCION)
VALUES(87,21, 9,20, 7, 0, 'Internet etb');

INSERT INTO SERVICIOS (ID,IDESPACIO,IDCATEGORIA, FINHORARIO, INICIOHORARIO, PRECIOADICIONAL, DESCRIPCION)
VALUES(88,22, 9,20, 7, 0, 'Internet etb');

INSERT INTO SERVICIOS (ID,IDESPACIO,IDCATEGORIA, FINHORARIO, INICIOHORARIO, PRECIOADICIONAL, DESCRIPCION)
VALUES(89,23, 9,20, 7, 0, 'Internet etb');

INSERT INTO SERVICIOS (ID,IDESPACIO,IDCATEGORIA, FINHORARIO, INICIOHORARIO, PRECIOADICIONAL, DESCRIPCION)
VALUES(90,24, 9,20, 7, 0, 'Internet etb');

INSERT INTO SERVICIOS (ID,IDESPACIO,IDCATEGORIA, FINHORARIO, INICIOHORARIO, PRECIOADICIONAL, DESCRIPCION)
VALUES(91, 1, 11,20, 7, 0, 'pesas');

INSERT INTO SERVICIOS (ID,IDESPACIO,IDCATEGORIA, FINHORARIO, INICIOHORARIO, PRECIOADICIONAL, DESCRIPCION)
VALUES(92, 1, 10,24, 0, 0, 'Agua');

INSERT INTO SERVICIOS (ID,IDESPACIO,IDCATEGORIA, FINHORARIO, INICIOHORARIO, PRECIOADICIONAL, DESCRIPCION)
VALUES(93, 1, 10,24, 0, 0, 'luz');

INSERT INTO SERVICIOS (ID,IDESPACIO,IDCATEGORIA, FINHORARIO, INICIOHORARIO, PRECIOADICIONAL, DESCRIPCION)
VALUES(94, 1, 10,20, 24, 0, 'gas');

INSERT INTO SERVICIOS (ID,IDESPACIO,IDCATEGORIA, FINHORARIO, INICIOHORARIO, PRECIOADICIONAL, DESCRIPCION)
VALUES(95,2, 10,24, 0, 0, 'Agua');

INSERT INTO SERVICIOS (ID,IDESPACIO,IDCATEGORIA, FINHORARIO, INICIOHORARIO, PRECIOADICIONAL, DESCRIPCION)
VALUES(96,2, 10,24, 0, 0, 'luz');

INSERT INTO SERVICIOS (ID,IDESPACIO,IDCATEGORIA, FINHORARIO, INICIOHORARIO, PRECIOADICIONAL, DESCRIPCION)
VALUES(97,2, 10,20, 24, 0, 'gas');

INSERT INTO SERVICIOS (ID,IDESPACIO,IDCATEGORIA, FINHORARIO, INICIOHORARIO, PRECIOADICIONAL, DESCRIPCION)
VALUES(98,3, 10,24, 0, 0, 'Agua');

INSERT INTO SERVICIOS (ID,IDESPACIO,IDCATEGORIA, FINHORARIO, INICIOHORARIO, PRECIOADICIONAL, DESCRIPCION)
VALUES(99,3, 10,24, 0, 0, 'luz');

INSERT INTO SERVICIOS (ID,IDESPACIO,IDCATEGORIA, FINHORARIO, INICIOHORARIO, PRECIOADICIONAL, DESCRIPCION)
VALUES(100,3, 10,20, 24, 0, 'gas');

INSERT INTO SERVICIOS (ID,IDESPACIO,IDCATEGORIA, FINHORARIO, INICIOHORARIO, PRECIOADICIONAL, DESCRIPCION)
VALUES(101,4, 10,24, 0, 0, 'Agua');

INSERT INTO SERVICIOS (ID,IDESPACIO,IDCATEGORIA, FINHORARIO, INICIOHORARIO, PRECIOADICIONAL, DESCRIPCION)
VALUES(102,4, 10,24, 0, 0, 'luz');

INSERT INTO SERVICIOS (ID,IDESPACIO,IDCATEGORIA, FINHORARIO, INICIOHORARIO, PRECIOADICIONAL, DESCRIPCION)
VALUES(103,4, 10,20, 24, 0, 'gas');

INSERT INTO SERVICIOS (ID,IDESPACIO,IDCATEGORIA, FINHORARIO, INICIOHORARIO, PRECIOADICIONAL, DESCRIPCION)
VALUES(104,5, 10,24, 0, 0, 'Agua');

INSERT INTO SERVICIOS (ID,IDESPACIO,IDCATEGORIA, FINHORARIO, INICIOHORARIO, PRECIOADICIONAL, DESCRIPCION)
VALUES(105,5, 10,24, 0, 0, 'luz');

INSERT INTO SERVICIOS (ID,IDESPACIO,IDCATEGORIA, FINHORARIO, INICIOHORARIO, PRECIOADICIONAL, DESCRIPCION)
VALUES(106,5, 10,20, 24, 0, 'gas');

INSERT INTO SERVICIOS (ID,IDESPACIO,IDCATEGORIA, FINHORARIO, INICIOHORARIO, PRECIOADICIONAL, DESCRIPCION)
VALUES(107,6, 10,24, 0, 0, 'Agua');

INSERT INTO SERVICIOS (ID,IDESPACIO,IDCATEGORIA, FINHORARIO, INICIOHORARIO, PRECIOADICIONAL, DESCRIPCION)
VALUES(108,6, 10,24, 0, 0, 'luz');

INSERT INTO SERVICIOS (ID,IDESPACIO,IDCATEGORIA, FINHORARIO, INICIOHORARIO, PRECIOADICIONAL, DESCRIPCION)
VALUES(109,6, 10,20, 24, 0, 'gas');

INSERT INTO SERVICIOS (ID,IDESPACIO,IDCATEGORIA, FINHORARIO, INICIOHORARIO, PRECIOADICIONAL, DESCRIPCION)
VALUES(110,7, 10,24, 0, 0, 'Agua');

INSERT INTO SERVICIOS (ID,IDESPACIO,IDCATEGORIA, FINHORARIO, INICIOHORARIO, PRECIOADICIONAL, DESCRIPCION)
VALUES(111,7, 10,24, 0, 0, 'luz');

INSERT INTO SERVICIOS (ID,IDESPACIO,IDCATEGORIA, FINHORARIO, INICIOHORARIO, PRECIOADICIONAL, DESCRIPCION)
VALUES(112,7, 10,20, 24, 0, 'gas');

INSERT INTO SERVICIOS (ID,IDESPACIO,IDCATEGORIA, FINHORARIO, INICIOHORARIO, PRECIOADICIONAL, DESCRIPCION)
VALUES(113,8, 10,24, 0, 0, 'Agua');

INSERT INTO SERVICIOS (ID,IDESPACIO,IDCATEGORIA, FINHORARIO, INICIOHORARIO, PRECIOADICIONAL, DESCRIPCION)
VALUES(114,8, 10,24, 0, 0, 'luz');

INSERT INTO SERVICIOS (ID,IDESPACIO,IDCATEGORIA, FINHORARIO, INICIOHORARIO, PRECIOADICIONAL, DESCRIPCION)
VALUES(115,8, 10,20, 24, 0, 'gas');

INSERT INTO SERVICIOS (ID,IDESPACIO,IDCATEGORIA, FINHORARIO, INICIOHORARIO, PRECIOADICIONAL, DESCRIPCION)
VALUES(116,9, 10,24, 0, 0, 'Agua');

INSERT INTO SERVICIOS (ID,IDESPACIO,IDCATEGORIA, FINHORARIO, INICIOHORARIO, PRECIOADICIONAL, DESCRIPCION)
VALUES(117,9, 10,24, 0, 0, 'luz');

INSERT INTO SERVICIOS (ID,IDESPACIO,IDCATEGORIA, FINHORARIO, INICIOHORARIO, PRECIOADICIONAL, DESCRIPCION)
VALUES(118,9, 10,20, 24, 0, 'gas');

INSERT INTO SERVICIOS (ID,IDESPACIO,IDCATEGORIA, FINHORARIO, INICIOHORARIO, PRECIOADICIONAL, DESCRIPCION)
VALUES(119,10, 10,24, 0, 0, 'Agua');

INSERT INTO SERVICIOS (ID,IDESPACIO,IDCATEGORIA, FINHORARIO, INICIOHORARIO, PRECIOADICIONAL, DESCRIPCION)
VALUES(120,12, 10,24, 0, 0, 'luz');

INSERT INTO SERVICIOS (ID,IDESPACIO,IDCATEGORIA, FINHORARIO, INICIOHORARIO, PRECIOADICIONAL, DESCRIPCION)
VALUES(121,10, 10,20, 24, 0, 'gas');

INSERT INTO SERVICIOS (ID,IDESPACIO,IDCATEGORIA, FINHORARIO, INICIOHORARIO, PRECIOADICIONAL, DESCRIPCION)
VALUES(122,11, 10,24, 0, 0, 'Agua');

INSERT INTO SERVICIOS (ID,IDESPACIO,IDCATEGORIA, FINHORARIO, INICIOHORARIO, PRECIOADICIONAL, DESCRIPCION)
VALUES(123,11, 10,24, 0, 0, 'luz');

INSERT INTO SERVICIOS (ID,IDESPACIO,IDCATEGORIA, FINHORARIO, INICIOHORARIO, PRECIOADICIONAL, DESCRIPCION)
VALUES(124,11, 10,20, 24, 0, 'gas');

INSERT INTO SERVICIOS (ID,IDESPACIO,IDCATEGORIA, FINHORARIO, INICIOHORARIO, PRECIOADICIONAL, DESCRIPCION)
VALUES(125,12, 10,24, 0, 0, 'Agua');

INSERT INTO SERVICIOS (ID,IDESPACIO,IDCATEGORIA, FINHORARIO, INICIOHORARIO, PRECIOADICIONAL, DESCRIPCION)
VALUES(126,12, 10,24, 0, 0, 'luz');

INSERT INTO SERVICIOS (ID,IDESPACIO,IDCATEGORIA, FINHORARIO, INICIOHORARIO, PRECIOADICIONAL, DESCRIPCION)
VALUES(127,12, 10,20, 24, 0, 'gas');

INSERT INTO SERVICIOS (ID,IDESPACIO,IDCATEGORIA, FINHORARIO, INICIOHORARIO, PRECIOADICIONAL, DESCRIPCION)
VALUES(128,13, 10,24, 0, 0, 'Agua');

INSERT INTO SERVICIOS (ID,IDESPACIO,IDCATEGORIA, FINHORARIO, INICIOHORARIO, PRECIOADICIONAL, DESCRIPCION)
VALUES(129,13, 10,24, 0, 0, 'luz');

INSERT INTO SERVICIOS (ID,IDESPACIO,IDCATEGORIA, FINHORARIO, INICIOHORARIO, PRECIOADICIONAL, DESCRIPCION)
VALUES(130,13, 10,20, 24, 0, 'gas');

INSERT INTO SERVICIOS (ID,IDESPACIO,IDCATEGORIA, FINHORARIO, INICIOHORARIO, PRECIOADICIONAL, DESCRIPCION)
VALUES(131,14, 10,24, 0, 0, 'Agua');

INSERT INTO SERVICIOS (ID,IDESPACIO,IDCATEGORIA, FINHORARIO, INICIOHORARIO, PRECIOADICIONAL, DESCRIPCION)
VALUES(132,14, 10,24, 0, 0, 'luz');

INSERT INTO SERVICIOS (ID,IDESPACIO,IDCATEGORIA, FINHORARIO, INICIOHORARIO, PRECIOADICIONAL, DESCRIPCION)
VALUES(133,14, 10,20, 24, 0, 'gas');

INSERT INTO SERVICIOS (ID,IDESPACIO,IDCATEGORIA, FINHORARIO, INICIOHORARIO, PRECIOADICIONAL, DESCRIPCION)
VALUES(134,15, 10,24, 0, 0, 'Agua');

INSERT INTO SERVICIOS (ID,IDESPACIO,IDCATEGORIA, FINHORARIO, INICIOHORARIO, PRECIOADICIONAL, DESCRIPCION)
VALUES(135,15, 10,24, 0, 0, 'luz');

INSERT INTO SERVICIOS (ID,IDESPACIO,IDCATEGORIA, FINHORARIO, INICIOHORARIO, PRECIOADICIONAL, DESCRIPCION)
VALUES(136,15, 10,20, 24, 0, 'gas');

INSERT INTO SERVICIOS (ID,IDESPACIO,IDCATEGORIA, FINHORARIO, INICIOHORARIO, PRECIOADICIONAL, DESCRIPCION)
VALUES(137,16, 10,24, 0, 0, 'Agua');

INSERT INTO SERVICIOS (ID,IDESPACIO,IDCATEGORIA, FINHORARIO, INICIOHORARIO, PRECIOADICIONAL, DESCRIPCION)
VALUES(138,16, 10,24, 0, 0, 'luz');

INSERT INTO SERVICIOS (ID,IDESPACIO,IDCATEGORIA, FINHORARIO, INICIOHORARIO, PRECIOADICIONAL, DESCRIPCION)
VALUES(139,16, 10,20, 24, 0, 'gas');

INSERT INTO SERVICIOS (ID,IDESPACIO,IDCATEGORIA, FINHORARIO, INICIOHORARIO, PRECIOADICIONAL, DESCRIPCION)
VALUES(140,17, 10,24, 0, 0, 'Agua');

INSERT INTO SERVICIOS (ID,IDESPACIO,IDCATEGORIA, FINHORARIO, INICIOHORARIO, PRECIOADICIONAL, DESCRIPCION)
VALUES(141,17, 10,24, 0, 0, 'luz');

INSERT INTO SERVICIOS (ID,IDESPACIO,IDCATEGORIA, FINHORARIO, INICIOHORARIO, PRECIOADICIONAL, DESCRIPCION)
VALUES(142,17, 10,20, 24, 0, 'gas');

INSERT INTO SERVICIOS (ID,IDESPACIO,IDCATEGORIA, FINHORARIO, INICIOHORARIO, PRECIOADICIONAL, DESCRIPCION)
VALUES(147,18, 10,24, 0, 0, 'Agua');

INSERT INTO SERVICIOS (ID,IDESPACIO,IDCATEGORIA, FINHORARIO, INICIOHORARIO, PRECIOADICIONAL, DESCRIPCION)
VALUES(148,18, 10,24, 0, 0, 'luz');

INSERT INTO SERVICIOS (ID,IDESPACIO,IDCATEGORIA, FINHORARIO, INICIOHORARIO, PRECIOADICIONAL, DESCRIPCION)
VALUES(149,18, 10,20, 24, 0, 'gas');

INSERT INTO SERVICIOS (ID,IDESPACIO,IDCATEGORIA, FINHORARIO, INICIOHORARIO, PRECIOADICIONAL, DESCRIPCION)
VALUES(150,19, 10,24, 0, 0, 'Agua');

INSERT INTO SERVICIOS (ID,IDESPACIO,IDCATEGORIA, FINHORARIO, INICIOHORARIO, PRECIOADICIONAL, DESCRIPCION)
VALUES(151,19, 10,24, 0, 0, 'luz');

INSERT INTO SERVICIOS (ID,IDESPACIO,IDCATEGORIA, FINHORARIO, INICIOHORARIO, PRECIOADICIONAL, DESCRIPCION)
VALUES(152,19, 10,20, 24, 0, 'gas');

INSERT INTO SERVICIOS (ID,IDESPACIO,IDCATEGORIA, FINHORARIO, INICIOHORARIO, PRECIOADICIONAL, DESCRIPCION)
VALUES(153,20, 10,24, 0, 0, 'Agua');

INSERT INTO SERVICIOS (ID,IDESPACIO,IDCATEGORIA, FINHORARIO, INICIOHORARIO, PRECIOADICIONAL, DESCRIPCION)
VALUES(154,20, 10,24, 0, 0, 'luz');

INSERT INTO SERVICIOS (ID,IDESPACIO,IDCATEGORIA, FINHORARIO, INICIOHORARIO, PRECIOADICIONAL, DESCRIPCION)
VALUES(155,20, 10,20, 24, 0, 'gas');

INSERT INTO SERVICIOS (ID,IDESPACIO,IDCATEGORIA, FINHORARIO, INICIOHORARIO, PRECIOADICIONAL, DESCRIPCION)
VALUES(156,21, 10,24, 0, 0, 'Agua');

INSERT INTO SERVICIOS (ID,IDESPACIO,IDCATEGORIA, FINHORARIO, INICIOHORARIO, PRECIOADICIONAL, DESCRIPCION)
VALUES(157,21, 10,24, 0, 0, 'luz');

INSERT INTO SERVICIOS (ID,IDESPACIO,IDCATEGORIA, FINHORARIO, INICIOHORARIO, PRECIOADICIONAL, DESCRIPCION)
VALUES(158,21, 10,20, 24, 0, 'gas');

INSERT INTO SERVICIOS (ID,IDESPACIO,IDCATEGORIA, FINHORARIO, INICIOHORARIO, PRECIOADICIONAL, DESCRIPCION)
VALUES(159,22, 10,24, 0, 0, 'Agua');

INSERT INTO SERVICIOS (ID,IDESPACIO,IDCATEGORIA, FINHORARIO, INICIOHORARIO, PRECIOADICIONAL, DESCRIPCION)
VALUES(160,22, 10,24, 0, 0, 'luz');

INSERT INTO SERVICIOS (ID,IDESPACIO,IDCATEGORIA, FINHORARIO, INICIOHORARIO, PRECIOADICIONAL, DESCRIPCION)
VALUES(161,22, 10,20, 24, 0, 'gas');

INSERT INTO SERVICIOS (ID,IDESPACIO,IDCATEGORIA, FINHORARIO, INICIOHORARIO, PRECIOADICIONAL, DESCRIPCION)
VALUES(162,23, 10,24, 0, 0, 'Agua');

INSERT INTO SERVICIOS (ID,IDESPACIO,IDCATEGORIA, FINHORARIO, INICIOHORARIO, PRECIOADICIONAL, DESCRIPCION)
VALUES(163,23, 10,24, 0, 0, 'luz');

INSERT INTO SERVICIOS (ID,IDESPACIO,IDCATEGORIA, FINHORARIO, INICIOHORARIO, PRECIOADICIONAL, DESCRIPCION)
VALUES(164,23, 10,20, 24, 0, 'gas');

INSERT INTO SERVICIOS (ID,IDESPACIO,IDCATEGORIA, FINHORARIO, INICIOHORARIO, PRECIOADICIONAL, DESCRIPCION)
VALUES(165,24, 10,24, 0, 0, 'Agua');

INSERT INTO SERVICIOS (ID,IDESPACIO,IDCATEGORIA, FINHORARIO, INICIOHORARIO, PRECIOADICIONAL, DESCRIPCION)
VALUES(166,24, 10,24, 0, 0, 'luz');

INSERT INTO SERVICIOS (ID,IDESPACIO,IDCATEGORIA, FINHORARIO, INICIOHORARIO, PRECIOADICIONAL, DESCRIPCION)
VALUES(167,24, 10,20, 24, 0, 'gas');

INSERT INTO SERVICIOS (ID,IDESPACIO,IDCATEGORIA, FINHORARIO, INICIOHORARIO, PRECIOADICIONAL, DESCRIPCION)
VALUES(168,1, 7, 15, 7, 20000, 'limpieza diaria');

INSERT INTO SERVICIOS (ID,IDESPACIO,IDCATEGORIA, FINHORARIO, INICIOHORARIO, PRECIOADICIONAL, DESCRIPCION)
VALUES(169, 2, 7, 15, 7, 20000, 'limpieza diaria');

INSERT INTO SERVICIOS (ID,IDESPACIO,IDCATEGORIA, FINHORARIO, INICIOHORARIO, PRECIOADICIONAL, DESCRIPCION)
VALUES(170,3, 7, 15, 7, 20000, 'limpieza diaria');

INSERT INTO SERVICIOS (ID,IDESPACIO,IDCATEGORIA, FINHORARIO, INICIOHORARIO, PRECIOADICIONAL, DESCRIPCION)
VALUES(171,4, 7, 15, 7, 20000, 'limpieza diaria');

INSERT INTO SERVICIOS (ID,IDESPACIO,IDCATEGORIA, FINHORARIO, INICIOHORARIO, PRECIOADICIONAL, DESCRIPCION)
VALUES(172,5, 7, 15, 7, 20000, 'limpieza diaria');

INSERT INTO SERVICIOS (ID,IDESPACIO,IDCATEGORIA, FINHORARIO, INICIOHORARIO, PRECIOADICIONAL, DESCRIPCION)
VALUES(173,6, 7, 15, 7, 20000, 'limpieza diaria');

INSERT INTO SERVICIOS (ID,IDESPACIO,IDCATEGORIA, FINHORARIO, INICIOHORARIO, PRECIOADICIONAL, DESCRIPCION)
VALUES(174,7, 7, 15, 7, 20000, 'limpieza diaria');

INSERT INTO SERVICIOS (ID,IDESPACIO,IDCATEGORIA, FINHORARIO, INICIOHORARIO, PRECIOADICIONAL, DESCRIPCION)
VALUES(175,8, 7, 15, 7, 20000, 'limpieza diaria');

INSERT INTO SERVICIOS (ID,IDESPACIO,IDCATEGORIA, FINHORARIO, INICIOHORARIO, PRECIOADICIONAL, DESCRIPCION)
VALUES(176,9, 7, 15, 7, 20000, 'limpieza diaria');

INSERT INTO SERVICIOS (ID,IDESPACIO,IDCATEGORIA, FINHORARIO, INICIOHORARIO, PRECIOADICIONAL, DESCRIPCION)
VALUES(177,10, 7, 15, 7, 20000, 'limpieza diaria');

INSERT INTO SERVICIOS (ID,IDESPACIO,IDCATEGORIA, FINHORARIO, INICIOHORARIO, PRECIOADICIONAL, DESCRIPCION)
VALUES(178,11, 7, 15, 7, 20000, 'limpieza diaria');

INSERT INTO SERVICIOS (ID,IDESPACIO,IDCATEGORIA, FINHORARIO, INICIOHORARIO, PRECIOADICIONAL, DESCRIPCION)
VALUES(179,12, 7, 15, 7, 20000, 'limpieza diaria');

INSERT INTO SERVICIOS (ID,IDESPACIO,IDCATEGORIA, FINHORARIO, INICIOHORARIO, PRECIOADICIONAL, DESCRIPCION)
VALUES(180,13, 7, 15, 7, 20000, 'limpieza diaria');

INSERT INTO SERVICIOS (ID,IDESPACIO,IDCATEGORIA, FINHORARIO, INICIOHORARIO, PRECIOADICIONAL, DESCRIPCION)
VALUES(181,14, 7, 15, 7, 20000, 'limpieza diaria');

INSERT INTO SERVICIOS (ID,IDESPACIO,IDCATEGORIA, FINHORARIO, INICIOHORARIO, PRECIOADICIONAL, DESCRIPCION)
VALUES(182,15, 7, 15, 7, 20000, 'limpieza diaria');

INSERT INTO SERVICIOS (ID,IDESPACIO,IDCATEGORIA, FINHORARIO, INICIOHORARIO, PRECIOADICIONAL, DESCRIPCION)
VALUES(183,16, 7, 15, 7, 20000, 'limpieza diaria');

INSERT INTO SERVICIOS (ID,IDESPACIO,IDCATEGORIA, FINHORARIO, INICIOHORARIO, PRECIOADICIONAL, DESCRIPCION)
VALUES(184,17, 7, 15, 7, 20000, 'limpieza diaria');

INSERT INTO SERVICIOS (ID,IDESPACIO,IDCATEGORIA, FINHORARIO, INICIOHORARIO, PRECIOADICIONAL, DESCRIPCION)
VALUES(185,18, 7, 15, 7, 20000, 'limpieza diaria');

INSERT INTO SERVICIOS (ID,IDESPACIO,IDCATEGORIA, FINHORARIO, INICIOHORARIO, PRECIOADICIONAL, DESCRIPCION)
VALUES(186,19, 7, 15, 7, 20000, 'limpieza diaria');

INSERT INTO SERVICIOS (ID,IDESPACIO,IDCATEGORIA, FINHORARIO, INICIOHORARIO, PRECIOADICIONAL, DESCRIPCION)
VALUES(187,20, 7, 15, 7, 20000, 'limpieza diaria');

INSERT INTO SERVICIOS (ID,IDESPACIO,IDCATEGORIA, FINHORARIO, INICIOHORARIO, PRECIOADICIONAL, DESCRIPCION)
VALUES(188,21, 7, 15, 7, 20000, 'limpieza diaria');

INSERT INTO SERVICIOS (ID,IDESPACIO,IDCATEGORIA, FINHORARIO, INICIOHORARIO, PRECIOADICIONAL, DESCRIPCION)
VALUES(189,22, 7, 15, 7, 20000, 'limpieza diaria');

INSERT INTO SERVICIOS (ID,IDESPACIO,IDCATEGORIA, FINHORARIO, INICIOHORARIO, PRECIOADICIONAL, DESCRIPCION)
VALUES(190,23, 7, 15, 7, 20000, 'limpieza diaria');

INSERT INTO SERVICIOS (ID,IDESPACIO,IDCATEGORIA, FINHORARIO, INICIOHORARIO, PRECIOADICIONAL, DESCRIPCION)
VALUES(191,24, 7, 15, 7, 20000, 'limpieza diaria');

INSERT INTO SERVICIOS (ID,IDESPACIO,IDCATEGORIA, FINHORARIO, INICIOHORARIO, PRECIOADICIONAL, DESCRIPCION)
VALUES(192,1, 11,20, 7, 0, 'pesas');

INSERT INTO SERVICIOS (ID,IDESPACIO,IDCATEGORIA, FINHORARIO, INICIOHORARIO, PRECIOADICIONAL, DESCRIPCION)
VALUES(193,7, 11,20, 7, 0, 'pesas');

INSERT INTO SERVICIOS (ID,IDESPACIO,IDCATEGORIA, FINHORARIO, INICIOHORARIO, PRECIOADICIONAL, DESCRIPCION)
VALUES(194,15, 11,20, 7, 0, 'pesas');

INSERT INTO SERVICIOS (ID,IDESPACIO,IDCATEGORIA, FINHORARIO, INICIOHORARIO, PRECIOADICIONAL, DESCRIPCION)
VALUES(195,12, 11,20, 7, 0, 'pesas');

INSERT INTO SERVICIOS (ID,IDESPACIO,IDCATEGORIA, FINHORARIO, INICIOHORARIO, PRECIOADICIONAL, DESCRIPCION)
VALUES(196,13, 11,20, 7, 0, 'pesas');

INSERT INTO SERVICIOS (ID,IDESPACIO,IDCATEGORIA, FINHORARIO, INICIOHORARIO, PRECIOADICIONAL, DESCRIPCION)
VALUES(197,15, 11,20, 7, 0, 'pesas');

INSERT INTO SERVICIOS (ID,IDESPACIO,IDCATEGORIA, FINHORARIO, INICIOHORARIO, PRECIOADICIONAL, DESCRIPCION)
VALUES(198,22, 11,20, 7, 0, 'pesas');

INSERT INTO SERVICIOS (ID,IDESPACIO,IDCATEGORIA, FINHORARIO, INICIOHORARIO, PRECIOADICIONAL, DESCRIPCION)
VALUES(199,23, 11,20, 7, 0, 'pesas');

--Creación tabla Reservas

CREATE TABLE RESERVAS(
id NUMBER(20,0),
idEspacio NUMBER(20,0),
idCliente NUMBER(20,0),
idColectiva NUMBER(20,0),
duracion NUMBER(20,0),
fechaInicio DATE,
cancelado CHAR(1),
precio NUMBER(20,0),
fechaReserva DATE
);
 
ALTER TABLE RESERVAS 
ADD PRIMARY KEY (id);
 
ALTER TABLE RESERVAS 
MODIFY fechaInicio NOT NULL;
 
ALTER TABLE RESERVAS 
MODIFY duracion NOT NULL;
 
ALTER TABLE RESERVAS 
MODIFY fechaReserva NOT NULL;
 
ALTER TABLE RESERVAS 
MODIFY idCliente NOT NULL;
 
ALTER TABLE RESERVAS 
MODIFY idEspacio NOT NULL;
 
ALTER TABLE RESERVAS
ADD CONSTRAINT FK_ESPACIORESERVA
FOREIGN KEY(idEspacio) REFERENCES ESPACIOS(id);
 
ALTER TABLE RESERVAS
ADD CONSTRAINT FK_CLIENTERESERVA
FOREIGN KEY(idCliente) REFERENCES CLIENTES(id);
 
ALTER TABLE RESERVAS 
ADD CONSTRAINT CHECKBOOL CHECK(cancelado IN ('Y','N'));

INSERT INTO RESERVAS (ID, IDESPACIO, IDCLIENTE, IDCOLECTIVA, DURACION, FECHAINICIO, FECHARESERVA, PRECIO, CANCELADO)
VALUES(1, 1, 1, null, 10, TO_DATE('2010-10-12','YYYY-MM-DD'), TO_DATE('2008-04-23','YYYY-MM-DD'), 50000000, 'N');

INSERT INTO RESERVAS (ID, IDESPACIO, IDCLIENTE, IDCOLECTIVA, DURACION, FECHAINICIO, FECHARESERVA, PRECIO, CANCELADO)
VALUES(2, 1, 1, null, 5, TO_DATE('2010-12-31','YYYY-MM-DD'), TO_DATE('2010-04-23','YYYY-MM-DD'), 25000000, 'N');

INSERT INTO RESERVAS (ID, IDESPACIO, IDCLIENTE, IDCOLECTIVA, DURACION, FECHAINICIO, FECHARESERVA, PRECIO, CANCELADO)
VALUES(3, 1, 1, null, 2, TO_DATE('2011-02-12','YYYY-MM-DD'), TO_DATE('2010-04-23','YYYY-MM-DD'), 10000000, 'N');

INSERT INTO RESERVAS (ID, IDESPACIO, IDCLIENTE, IDCOLECTIVA, DURACION, FECHAINICIO, FECHARESERVA, PRECIO, CANCELADO)
VALUES(4, 1, 1, null, 7, TO_DATE('2011-10-22','YYYY-MM-DD'), TO_DATE('2011-04-23','YYYY-MM-DD'), 35000000, 'N');

INSERT INTO RESERVAS (ID, IDESPACIO, IDCLIENTE, IDCOLECTIVA, DURACION, FECHAINICIO, FECHARESERVA, PRECIO, CANCELADO)
VALUES(5, 1, 1, null, 10, TO_DATE('2012-01-02','YYYY-MM-DD'), TO_DATE('2012-01-01','YYYY-MM-DD'), 50000000, 'N');

INSERT INTO RESERVAS (ID, IDESPACIO, IDCLIENTE, IDCOLECTIVA, DURACION, FECHAINICIO, FECHARESERVA, PRECIO, CANCELADO)
VALUES(6, 1, 1, null, 5, TO_DATE('2013-01-5','YYYY-MM-DD'), TO_DATE('2012-04-23','YYYY-MM-DD'), 25000000, 'Y');

INSERT INTO RESERVAS (ID, IDESPACIO, IDCLIENTE, IDCOLECTIVA, DURACION, FECHAINICIO, FECHARESERVA, PRECIO, CANCELADO)
VALUES(7, 1, 1, null, 15, TO_DATE('2014-01-5','YYYY-MM-DD'), TO_DATE('2013-04-23','YYYY-MM-DD'), 75000000, 'Y');

INSERT INTO RESERVAS (ID, IDESPACIO, IDCLIENTE, IDCOLECTIVA, DURACION, FECHAINICIO, FECHARESERVA, PRECIO, CANCELADO)
VALUES(8, 1, 1, null, 2, TO_DATE('2014-03-17','YYYY-MM-DD'), TO_DATE('2014-02-23','YYYY-MM-DD'), 10000000, 'Y');

INSERT INTO RESERVAS (ID, IDESPACIO, IDCLIENTE, IDCOLECTIVA, DURACION, FECHAINICIO, FECHARESERVA, PRECIO, CANCELADO)
VALUES(9, 1, 1, null, 10, TO_DATE('2014-10-15','YYYY-MM-DD'), TO_DATE('2014-04-23','YYYY-MM-DD'), 50000000, 'N');

INSERT INTO RESERVAS (ID, IDESPACIO, IDCLIENTE, IDCOLECTIVA, DURACION, FECHAINICIO, FECHARESERVA, PRECIO, CANCELADO)
VALUES(10, 1, 1, null, 12, TO_DATE('2015-01-10','YYYY-MM-DD'), TO_DATE('2015-01-01','YYYY-MM-DD'), 60000000, 'N');

INSERT INTO RESERVAS (ID, IDESPACIO, IDCLIENTE, IDCOLECTIVA, DURACION, FECHAINICIO, FECHARESERVA, PRECIO, CANCELADO)
VALUES(11, 1, 1, null, 3, TO_DATE('2015-03-22','YYYY-MM-DD'), TO_DATE('2014-04-23','YYYY-MM-DD'), 15000000, 'Y');

INSERT INTO RESERVAS (ID, IDESPACIO, IDCLIENTE, IDCOLECTIVA, DURACION, FECHAINICIO, FECHARESERVA, PRECIO, CANCELADO)
VALUES(12, 1, 1, null, 8, TO_DATE('2015-06-15','YYYY-MM-DD'), TO_DATE('2014-04-23','YYYY-MM-DD'), 40000000, 'Y');

INSERT INTO RESERVAS (ID, IDESPACIO, IDCLIENTE, IDCOLECTIVA, DURACION, FECHAINICIO, FECHARESERVA, PRECIO, CANCELADO)
VALUES(13, 1, 1, null, 12, TO_DATE('2016-01-10','YYYY-MM-DD'), TO_DATE('2015-04-23','YYYY-MM-DD'), 60000000, 'N');

INSERT INTO RESERVAS (ID, IDESPACIO, IDCLIENTE, IDCOLECTIVA, DURACION, FECHAINICIO, FECHARESERVA, PRECIO, CANCELADO)
VALUES(14, 1, 1, null, 3, TO_DATE('2016-03-22','YYYY-MM-DD'), TO_DATE('2015-04-23','YYYY-MM-DD'), 15000000, 'N');

INSERT INTO RESERVAS (ID, IDESPACIO, IDCLIENTE, IDCOLECTIVA, DURACION, FECHAINICIO, FECHARESERVA, PRECIO, CANCELADO)
VALUES(15, 1, 1, null, 8, TO_DATE('2016-03-26','YYYY-MM-DD'), TO_DATE('2015-04-23','YYYY-MM-DD'), 40000000, 'Y');

INSERT INTO RESERVAS (ID, IDESPACIO, IDCLIENTE, IDCOLECTIVA, DURACION, FECHAINICIO, FECHARESERVA, PRECIO, CANCELADO)
VALUES(16, 1, 1, null, 12, TO_DATE('2016-04-10','YYYY-MM-DD'), TO_DATE('2015-04-23','YYYY-MM-DD'), 60000000, 'Y');

INSERT INTO RESERVAS (ID, IDESPACIO, IDCLIENTE, IDCOLECTIVA, DURACION, FECHAINICIO, FECHARESERVA, PRECIO, CANCELADO)
VALUES(17, 1, 1, null, 10, TO_DATE('2017-01-12','YYYY-MM-DD'), TO_DATE('2015-04-23','YYYY-MM-DD'), 50000000, 'N');

INSERT INTO RESERVAS (ID, IDESPACIO, IDCLIENTE, IDCOLECTIVA, DURACION, FECHAINICIO, FECHARESERVA, PRECIO, CANCELADO)
VALUES(18, 1, 1, null, 15, TO_DATE('2017-02-12','YYYY-MM-DD'), TO_DATE('2016-04-23','YYYY-MM-DD'), 75000000, 'N');

INSERT INTO RESERVAS (ID, IDESPACIO, IDCLIENTE, IDCOLECTIVA, DURACION, FECHAINICIO, FECHARESERVA, PRECIO, CANCELADO)
VALUES(19, 1, 1, null, 20, TO_DATE('2017-03-12','YYYY-MM-DD'), TO_DATE('2016-04-23','YYYY-MM-DD'), 100000000, 'N');

INSERT INTO RESERVAS (ID, IDESPACIO, IDCLIENTE, IDCOLECTIVA, DURACION, FECHAINICIO, FECHARESERVA, PRECIO, CANCELADO)
VALUES(20, 1, 1, null, 21, TO_DATE('2017-04-12','YYYY-MM-DD'), TO_DATE('2016-04-23','YYYY-MM-DD'), 105000000, 'N');

INSERT INTO RESERVAS (ID, IDESPACIO, IDCLIENTE, IDCOLECTIVA, DURACION, FECHAINICIO, FECHARESERVA, PRECIO, CANCELADO)
VALUES(21, 1, 1, null, 12, TO_DATE('2017-05-12','YYYY-MM-DD'), TO_DATE('2016-04-23','YYYY-MM-DD'), 60000000, 'N');

INSERT INTO RESERVAS (ID, IDESPACIO, IDCLIENTE, IDCOLECTIVA, DURACION, FECHAINICIO, FECHARESERVA, PRECIO, CANCELADO)
VALUES(22, 1, 1, null, 3, TO_DATE('2018-01-05','YYYY-MM-DD'), TO_DATE('2016-04-23','YYYY-MM-DD'), 15000000, 'Y');

INSERT INTO RESERVAS (ID, IDESPACIO, IDCLIENTE, IDCOLECTIVA, DURACION, FECHAINICIO, FECHARESERVA, PRECIO, CANCELADO)
VALUES(23, 1, 1, null, 10, TO_DATE('2018-02-05','YYYY-MM-DD'), TO_DATE('2017-04-23','YYYY-MM-DD'), 50000000, 'Y');

INSERT INTO RESERVAS (ID, IDESPACIO, IDCLIENTE, IDCOLECTIVA, DURACION, FECHAINICIO, FECHARESERVA, PRECIO, CANCELADO)
VALUES(24, 1, 1, null, 25, TO_DATE('2018-03-05','YYYY-MM-DD'), TO_DATE('2017-04-23','YYYY-MM-DD'), 125000000, 'Y');

INSERT INTO RESERVAS (ID, IDESPACIO, IDCLIENTE, IDCOLECTIVA, DURACION, FECHAINICIO, FECHARESERVA, PRECIO, CANCELADO)
VALUES(25, 1, 1, null, 2, TO_DATE('2018-04-05','YYYY-MM-DD'), TO_DATE('2017-04-23','YYYY-MM-DD'), 10000000, 'Y');

INSERT INTO RESERVAS (ID, IDESPACIO, IDCLIENTE, IDCOLECTIVA, DURACION, FECHAINICIO, FECHARESERVA, PRECIO, CANCELADO)
VALUES(26, 1, 1, null, 4, TO_DATE('2018-05-05','YYYY-MM-DD'), TO_DATE('2018-04-23','YYYY-MM-DD'), 20000000, 'N');

INSERT INTO RESERVAS (ID, IDESPACIO, IDCLIENTE, IDCOLECTIVA, DURACION, FECHAINICIO, FECHARESERVA, PRECIO, CANCELADO)
VALUES(27, 1, 1, null, 5, TO_DATE('2018-06-05','YYYY-MM-DD'), TO_DATE('2018-04-23','YYYY-MM-DD'), 25000000, 'N');

INSERT INTO RESERVAS (ID, IDESPACIO, IDCLIENTE, IDCOLECTIVA, DURACION, FECHAINICIO, FECHARESERVA, PRECIO, CANCELADO)
VALUES(28, 1, 1, null, 15, TO_DATE('2018-07-05','YYYY-MM-DD'), TO_DATE('2018-04-23','YYYY-MM-DD'), 75000000, 'Y');

INSERT INTO RESERVAS (ID, IDESPACIO, IDCLIENTE, IDCOLECTIVA, DURACION, FECHAINICIO, FECHARESERVA, PRECIO, CANCELADO)
VALUES(29, 1, 1, null, 21, TO_DATE('2018-08-05','YYYY-MM-DD'), TO_DATE('2018-04-23','YYYY-MM-DD'), 105000000, 'N');

INSERT INTO RESERVAS (ID, IDESPACIO, IDCLIENTE, IDCOLECTIVA, DURACION, FECHAINICIO, FECHARESERVA, PRECIO, CANCELADO)
VALUES(30, 1, 1, null, 4, TO_DATE('2018-09-05','YYYY-MM-DD'), TO_DATE('2018-04-23','YYYY-MM-DD'), 20000000, 'N');

INSERT INTO RESERVAS (ID, IDESPACIO, IDCLIENTE, IDCOLECTIVA, DURACION, FECHAINICIO, FECHARESERVA, PRECIO, CANCELADO)
VALUES(31, 1, 1, null, 11, TO_DATE('2018-10-05','YYYY-MM-DD'), TO_DATE('2018-04-23','YYYY-MM-DD'), 55000000, 'Y');

INSERT INTO RESERVAS (ID, IDESPACIO, IDCLIENTE, IDCOLECTIVA, DURACION, FECHAINICIO, FECHARESERVA, PRECIO, CANCELADO)
VALUES(32, 1, 1, null, 9, TO_DATE('2018-11-05','YYYY-MM-DD'), TO_DATE('2018-04-23','YYYY-MM-DD'), 45000000, 'Y');

INSERT INTO RESERVAS (ID, IDESPACIO, IDCLIENTE, IDCOLECTIVA, DURACION, FECHAINICIO, FECHARESERVA, PRECIO, CANCELADO)
VALUES(33, 1, 1, null, 28, TO_DATE('2018-12-05','YYYY-MM-DD'), TO_DATE('2018-04-23','YYYY-MM-DD'), 140000000, 'N');

INSERT INTO RESERVAS (ID, IDESPACIO, IDCLIENTE, IDCOLECTIVA, DURACION, FECHAINICIO, FECHARESERVA, PRECIO, CANCELADO)
VALUES(34, 1, 1, null, 6, TO_DATE('2019-01-05','YYYY-MM-DD'), TO_DATE('2018-04-23','YYYY-MM-DD'), 30000000, 'N');

INSERT INTO RESERVAS (ID, IDESPACIO, IDCLIENTE, IDCOLECTIVA, DURACION, FECHAINICIO, FECHARESERVA, PRECIO, CANCELADO)
VALUES(35, 1, 1, null, 5, TO_DATE('2019-01-12','YYYY-MM-DD'), TO_DATE('2018-04-23','YYYY-MM-DD'), 25000000, 'N');

INSERT INTO RESERVAS (ID, IDESPACIO, IDCLIENTE, IDCOLECTIVA, DURACION, FECHAINICIO, FECHARESERVA, PRECIO, CANCELADO)
VALUES(36, 1, 1, null, 10, TO_DATE('2019-02-05','YYYY-MM-DD'), TO_DATE('2018-04-23','YYYY-MM-DD'), 50000000, 'N');

INSERT INTO RESERVAS (ID, IDESPACIO, IDCLIENTE, IDCOLECTIVA, DURACION, FECHAINICIO, FECHARESERVA, PRECIO, CANCELADO)
VALUES(37, 1, 1, null, 5, TO_DATE('2019-02-11','YYYY-MM-DD'), TO_DATE('2018-04-23','YYYY-MM-DD'), 25000000, 'Y');

INSERT INTO RESERVAS (ID, IDESPACIO, IDCLIENTE, IDCOLECTIVA, DURACION, FECHAINICIO, FECHARESERVA, PRECIO, CANCELADO)
VALUES(38, 1, 1, null, 3, TO_DATE('2019-02-17','YYYY-MM-DD'), TO_DATE('2018-04-23','YYYY-MM-DD'), 15000000, 'Y');

INSERT INTO RESERVAS (ID, IDESPACIO, IDCLIENTE, IDCOLECTIVA, DURACION, FECHAINICIO, FECHARESERVA, PRECIO, CANCELADO)
VALUES(39, 1, 1, null, 5, TO_DATE('2019-02-21','YYYY-MM-DD'), TO_DATE('2018-04-23','YYYY-MM-DD'), 25000000, 'N');

INSERT INTO RESERVAS (ID, IDESPACIO, IDCLIENTE, IDCOLECTIVA, DURACION, FECHAINICIO, FECHARESERVA, PRECIO, CANCELADO)
VALUES(40, 1, 1, null, 10, TO_DATE('2019-02-27','YYYY-MM-DD'), TO_DATE('2018-04-23','YYYY-MM-DD'), 50000000, 'Y');

INSERT INTO RESERVAS (ID, IDESPACIO, IDCLIENTE, IDCOLECTIVA, DURACION, FECHAINICIO, FECHARESERVA, PRECIO, CANCELADO)
VALUES(41, 1, 1, null, 5, TO_DATE('2019-04-11','YYYY-MM-DD'), TO_DATE('2018-04-23','YYYY-MM-DD'), 250000, 'Y');

INSERT INTO RESERVAS (ID, IDESPACIO, IDCLIENTE, IDCOLECTIVA, DURACION, FECHAINICIO, FECHARESERVA, PRECIO, CANCELADO)
VALUES(42, 3, 2, null, 10, TO_DATE('2010-10-12','YYYY-MM-DD'), TO_DATE('2010-04-23','YYYY-MM-DD'), 500000, 'N');

INSERT INTO RESERVAS (ID, IDESPACIO, IDCLIENTE, IDCOLECTIVA, DURACION, FECHAINICIO, FECHARESERVA, PRECIO, CANCELADO)
VALUES(43, 3, 2, null, 5, TO_DATE('2010-12-31','YYYY-MM-DD'), TO_DATE('2010-04-23','YYYY-MM-DD'), 250000, 'N');

INSERT INTO RESERVAS (ID, IDESPACIO, IDCLIENTE, IDCOLECTIVA, DURACION, FECHAINICIO, FECHARESERVA, PRECIO, CANCELADO)
VALUES(44, 3, 2, null, 2, TO_DATE('2011-02-12','YYYY-MM-DD'), TO_DATE('2010-04-23','YYYY-MM-DD'), 100000, 'N');

INSERT INTO RESERVAS (ID, IDESPACIO, IDCLIENTE, IDCOLECTIVA, DURACION, FECHAINICIO, FECHARESERVA, PRECIO, CANCELADO)
VALUES(45, 3, 2, null, 7, TO_DATE('2011-10-22','YYYY-MM-DD'), TO_DATE('2011-04-23','YYYY-MM-DD'), 350000, 'N');

INSERT INTO RESERVAS (ID, IDESPACIO, IDCLIENTE, IDCOLECTIVA, DURACION, FECHAINICIO, FECHARESERVA, PRECIO, CANCELADO)
VALUES(46, 3, 2, null, 10, TO_DATE('2012-01-02','YYYY-MM-DD'), TO_DATE('2011-04-23','YYYY-MM-DD'), 500000, 'N');

INSERT INTO RESERVAS (ID, IDESPACIO, IDCLIENTE, IDCOLECTIVA, DURACION, FECHAINICIO, FECHARESERVA, PRECIO, CANCELADO)
VALUES(47, 3, 2, null, 5, TO_DATE('2013-01-5','YYYY-MM-DD'), TO_DATE('2012-04-23','YYYY-MM-DD'), 250000, 'Y');

INSERT INTO RESERVAS (ID, IDESPACIO, IDCLIENTE, IDCOLECTIVA, DURACION, FECHAINICIO, FECHARESERVA, PRECIO, CANCELADO)
VALUES(48, 3, 2, null, 15, TO_DATE('2014-01-5','YYYY-MM-DD'), TO_DATE('2013-04-23','YYYY-MM-DD'), 750000, 'Y');

INSERT INTO RESERVAS (ID, IDESPACIO, IDCLIENTE, IDCOLECTIVA, DURACION, FECHAINICIO, FECHARESERVA, PRECIO, CANCELADO)
VALUES(49, 3, 2, null, 2, TO_DATE('2014-03-17','YYYY-MM-DD'), TO_DATE('2013-04-23','YYYY-MM-DD'), 100000, 'Y');

INSERT INTO RESERVAS (ID, IDESPACIO, IDCLIENTE, IDCOLECTIVA, DURACION, FECHAINICIO, FECHARESERVA, PRECIO, CANCELADO)
VALUES(50, 3, 2, null, 10, TO_DATE('2014-10-15','YYYY-MM-DD'), TO_DATE('2013-04-23','YYYY-MM-DD'), 500000, 'Y');

INSERT INTO RESERVAS (ID, IDESPACIO, IDCLIENTE, IDCOLECTIVA, DURACION, FECHAINICIO, FECHARESERVA, PRECIO, CANCELADO)
VALUES(51, 3, 2, null, 12, TO_DATE('2015-01-10','YYYY-MM-DD'), TO_DATE('2014-04-23','YYYY-MM-DD'), 560000, 'Y');

INSERT INTO RESERVAS (ID, IDESPACIO, IDCLIENTE, IDCOLECTIVA, DURACION, FECHAINICIO, FECHARESERVA, PRECIO, CANCELADO)
VALUES(52, 3, 2, null, 3, TO_DATE('2015-03-22','YYYY-MM-DD'), TO_DATE('2014-04-23','YYYY-MM-DD'), 150000, 'Y');

INSERT INTO RESERVAS (ID, IDESPACIO, IDCLIENTE, IDCOLECTIVA, DURACION, FECHAINICIO, FECHARESERVA, PRECIO, CANCELADO)
VALUES(53, 3, 2, null, 8, TO_DATE('2015-06-15','YYYY-MM-DD'), TO_DATE('2014-04-23','YYYY-MM-DD'), 400000, 'Y');

INSERT INTO RESERVAS (ID, IDESPACIO, IDCLIENTE, IDCOLECTIVA, DURACION, FECHAINICIO, FECHARESERVA, PRECIO, CANCELADO)
VALUES(54, 3, 2, null, 12, TO_DATE('2016-01-10','YYYY-MM-DD'), TO_DATE('2015-04-23','YYYY-MM-DD'), 600000, 'Y');

INSERT INTO RESERVAS (ID, IDESPACIO, IDCLIENTE, IDCOLECTIVA, DURACION, FECHAINICIO, FECHARESERVA, PRECIO, CANCELADO)
VALUES(55, 3, 2, null, 10, TO_DATE('2017-01-12','YYYY-MM-DD'), TO_DATE('2016-04-23','YYYY-MM-DD'), 500000, 'N');

INSERT INTO RESERVAS (ID, IDESPACIO, IDCLIENTE, IDCOLECTIVA, DURACION, FECHAINICIO, FECHARESERVA, PRECIO, CANCELADO)
VALUES(56, 3, 2, null, 15, TO_DATE('2017-02-12','YYYY-MM-DD'), TO_DATE('2016-04-23','YYYY-MM-DD'), 750000, 'N');

INSERT INTO RESERVAS (ID, IDESPACIO, IDCLIENTE, IDCOLECTIVA, DURACION, FECHAINICIO, FECHARESERVA, PRECIO, CANCELADO)
VALUES(57, 3, 2, null, 20, TO_DATE('2017-03-12','YYYY-MM-DD'), TO_DATE('2016-04-23','YYYY-MM-DD'), 1000000, 'N');

INSERT INTO RESERVAS (ID, IDESPACIO, IDCLIENTE, IDCOLECTIVA, DURACION, FECHAINICIO, FECHARESERVA, PRECIO, CANCELADO)
VALUES(58, 3, 2, null, 21, TO_DATE('2017-04-12','YYYY-MM-DD'), TO_DATE('2016-04-23','YYYY-MM-DD'), 1050000, 'N');

INSERT INTO RESERVAS (ID, IDESPACIO, IDCLIENTE, IDCOLECTIVA, DURACION, FECHAINICIO, FECHARESERVA, PRECIO, CANCELADO)
VALUES(59, 3, 2, null, 12, TO_DATE('2017-05-12','YYYY-MM-DD'), TO_DATE('2016-04-23','YYYY-MM-DD'), 600000, 'N');

INSERT INTO RESERVAS (ID, IDESPACIO, IDCLIENTE, IDCOLECTIVA, DURACION, FECHAINICIO, FECHARESERVA, PRECIO, CANCELADO)
VALUES(60, 3, 2, null, 3, TO_DATE('2018-01-05','YYYY-MM-DD'), TO_DATE('2017-04-23','YYYY-MM-DD'), 150000, 'Y');

INSERT INTO RESERVAS (ID, IDESPACIO, IDCLIENTE, IDCOLECTIVA, DURACION, FECHAINICIO, FECHARESERVA, PRECIO, CANCELADO)
VALUES(61, 3, 2, null, 10, TO_DATE('2018-02-05','YYYY-MM-DD'), TO_DATE('2017-04-23','YYYY-MM-DD'), 500000, 'N');

INSERT INTO RESERVAS (ID, IDESPACIO, IDCLIENTE, IDCOLECTIVA, DURACION, FECHAINICIO, FECHARESERVA, PRECIO, CANCELADO)
VALUES(62, 3, 2, null, 25, TO_DATE('2018-03-05','YYYY-MM-DD'), TO_DATE('2017-04-23','YYYY-MM-DD'), 1250000, 'N');

INSERT INTO RESERVAS (ID, IDESPACIO, IDCLIENTE, IDCOLECTIVA, DURACION, FECHAINICIO, FECHARESERVA, PRECIO, CANCELADO)
VALUES(63, 3, 2, null, 2, TO_DATE('2018-04-05','YYYY-MM-DD'), TO_DATE('2017-04-23','YYYY-MM-DD'), 100000, 'N');

INSERT INTO RESERVAS (ID, IDESPACIO, IDCLIENTE, IDCOLECTIVA, DURACION, FECHAINICIO, FECHARESERVA, PRECIO, CANCELADO)
VALUES(64, 3, 2, null, 4, TO_DATE('2018-05-05','YYYY-MM-DD'), TO_DATE('2018-04-23','YYYY-MM-DD'), 200000, 'N');

INSERT INTO RESERVAS (ID, IDESPACIO, IDCLIENTE, IDCOLECTIVA, DURACION, FECHAINICIO, FECHARESERVA, PRECIO, CANCELADO)
VALUES(65, 3, 2, null, 5, TO_DATE('2018-06-05','YYYY-MM-DD'), TO_DATE('2018-04-23','YYYY-MM-DD'), 250000, 'Y');

INSERT INTO RESERVAS (ID, IDESPACIO, IDCLIENTE, IDCOLECTIVA, DURACION, FECHAINICIO, FECHARESERVA, PRECIO, CANCELADO)
VALUES(66, 3, 2, null, 15, TO_DATE('2018-07-05','YYYY-MM-DD'), TO_DATE('2018-04-23','YYYY-MM-DD'), 750000, 'Y');

INSERT INTO RESERVAS (ID, IDESPACIO, IDCLIENTE, IDCOLECTIVA, DURACION, FECHAINICIO, FECHARESERVA, PRECIO, CANCELADO)
VALUES(67, 3, 2, null, 21, TO_DATE('2018-08-05','YYYY-MM-DD'), TO_DATE('2018-04-23','YYYY-MM-DD'), 1050000, 'N');

INSERT INTO RESERVAS (ID, IDESPACIO, IDCLIENTE, IDCOLECTIVA, DURACION, FECHAINICIO, FECHARESERVA, PRECIO, CANCELADO)
VALUES(68, 3, 2, null, 4, TO_DATE('2018-09-05','YYYY-MM-DD'), TO_DATE('2018-04-23','YYYY-MM-DD'), 250000, 'N');

INSERT INTO RESERVAS (ID, IDESPACIO, IDCLIENTE, IDCOLECTIVA, DURACION, FECHAINICIO, FECHARESERVA, PRECIO, CANCELADO)
VALUES(69, 3, 2, null, 11, TO_DATE('2018-10-05','YYYY-MM-DD'), TO_DATE('2018-04-23','YYYY-MM-DD'), 550000, 'N');

INSERT INTO RESERVAS (ID, IDESPACIO, IDCLIENTE, IDCOLECTIVA, DURACION, FECHAINICIO, FECHARESERVA, PRECIO, CANCELADO)
VALUES(70, 3, 2, null, 9, TO_DATE('2018-11-05','YYYY-MM-DD'), TO_DATE('2018-04-23','YYYY-MM-DD'), 550000, 'N');

INSERT INTO RESERVAS (ID, IDESPACIO, IDCLIENTE, IDCOLECTIVA, DURACION, FECHAINICIO, FECHARESERVA, PRECIO, CANCELADO)
VALUES(71, 3, 2, null, 28, TO_DATE('2018-12-05','YYYY-MM-DD'), TO_DATE('2018-04-23','YYYY-MM-DD'), 1400000, 'N');

INSERT INTO RESERVAS (ID, IDESPACIO, IDCLIENTE, IDCOLECTIVA, DURACION, FECHAINICIO, FECHARESERVA, PRECIO, CANCELADO)
VALUES(72, 3, 2, null, 6, TO_DATE('2019-01-05','YYYY-MM-DD'), TO_DATE('2018-04-23','YYYY-MM-DD'), 300000, 'Y');

INSERT INTO RESERVAS (ID, IDESPACIO, IDCLIENTE, IDCOLECTIVA, DURACION, FECHAINICIO, FECHARESERVA, PRECIO, CANCELADO)
VALUES(73, 3, 2, null, 5, TO_DATE('2019-01-12','YYYY-MM-DD'), TO_DATE('2018-04-23','YYYY-MM-DD'), 250000, 'N');

INSERT INTO RESERVAS (ID, IDESPACIO, IDCLIENTE, IDCOLECTIVA, DURACION, FECHAINICIO, FECHARESERVA, PRECIO, CANCELADO)
VALUES(74, 3, 2, null, 10, TO_DATE('2019-02-05','YYYY-MM-DD'), TO_DATE('2018-04-23','YYYY-MM-DD'), 500000, 'N');

INSERT INTO RESERVAS (ID, IDESPACIO, IDCLIENTE, IDCOLECTIVA, DURACION, FECHAINICIO, FECHARESERVA, PRECIO, CANCELADO)
VALUES(75, 3, 2, null, 5, TO_DATE('2019-02-11','YYYY-MM-DD'), TO_DATE('2018-04-23','YYYY-MM-DD'), 250000, 'Y');

INSERT INTO RESERVAS (ID, IDESPACIO, IDCLIENTE, IDCOLECTIVA, DURACION, FECHAINICIO, FECHARESERVA, PRECIO, CANCELADO)
VALUES(76, 3, 2, null, 3, TO_DATE('2019-02-17','YYYY-MM-DD'), TO_DATE('2018-04-23','YYYY-MM-DD'), 150000, 'N');

INSERT INTO RESERVAS (ID, IDESPACIO, IDCLIENTE, IDCOLECTIVA, DURACION, FECHAINICIO, FECHARESERVA, PRECIO, CANCELADO)
VALUES(77, 3, 2, null, 5, TO_DATE('2019-02-21','YYYY-MM-DD'), TO_DATE('2018-04-23','YYYY-MM-DD'), 250000, 'N');

INSERT INTO RESERVAS (ID, IDESPACIO, IDCLIENTE, IDCOLECTIVA, DURACION, FECHAINICIO, FECHARESERVA, PRECIO, CANCELADO)
VALUES(78, 3, 2, null, 10, TO_DATE('2019-02-27','YYYY-MM-DD'), TO_DATE('2018-04-23','YYYY-MM-DD'), 500000, 'N');

INSERT INTO RESERVAS (ID, IDESPACIO, IDCLIENTE, IDCOLECTIVA, DURACION, FECHAINICIO, FECHARESERVA, PRECIO, CANCELADO)
VALUES(79, 3, 2, null, 5, TO_DATE('2019-04-11','YYYY-MM-DD'), TO_DATE('2018-04-23','YYYY-MM-DD'), 250000, 'N');

INSERT INTO RESERVAS (ID, IDESPACIO, IDCLIENTE, IDCOLECTIVA, DURACION, FECHAINICIO, FECHARESERVA, PRECIO, CANCELADO)
VALUES(80, 2, 3, null, 3, TO_DATE('2015-10-02','YYYY-MM-DD'), TO_DATE('2015-04-23','YYYY-MM-DD'), 150000, 'N');

INSERT INTO RESERVAS (ID, IDESPACIO, IDCLIENTE, IDCOLECTIVA, DURACION, FECHAINICIO, FECHARESERVA, PRECIO, CANCELADO)
VALUES(81, 4, 4, null, 10, TO_DATE('2010-10-12','YYYY-MM-DD'), TO_DATE('2010-04-23','YYYY-MM-DD'), 1200000, 'N');

INSERT INTO RESERVAS (ID, IDESPACIO, IDCLIENTE, IDCOLECTIVA, DURACION, FECHAINICIO, FECHARESERVA, PRECIO, CANCELADO)
VALUES(82, 4, 4, null, 5, TO_DATE('2010-12-31','YYYY-MM-DD'), TO_DATE('2010-04-23','YYYY-MM-DD'), 600000, 'N');

INSERT INTO RESERVAS (ID, IDESPACIO, IDCLIENTE, IDCOLECTIVA, DURACION, FECHAINICIO, FECHARESERVA, PRECIO, CANCELADO)
VALUES(83, 4, 4, null, 2, TO_DATE('2011-02-12','YYYY-MM-DD'), TO_DATE('2011-01-23','YYYY-MM-DD'), 240000, 'N');

INSERT INTO RESERVAS (ID, IDESPACIO, IDCLIENTE, IDCOLECTIVA, DURACION, FECHAINICIO, FECHARESERVA, PRECIO, CANCELADO)
VALUES(84, 4, 4, null, 7, TO_DATE('2011-10-22','YYYY-MM-DD'), TO_DATE('2011-01-23','YYYY-MM-DD'), 840000, 'N');

INSERT INTO RESERVAS (ID, IDESPACIO, IDCLIENTE, IDCOLECTIVA, DURACION, FECHAINICIO, FECHARESERVA, PRECIO, CANCELADO)
VALUES(85, 4, 4, null, 10, TO_DATE('2012-01-02','YYYY-MM-DD'), TO_DATE('2012-01-01','YYYY-MM-DD'), 1200000, 'N');

INSERT INTO RESERVAS (ID, IDESPACIO, IDCLIENTE, IDCOLECTIVA, DURACION, FECHAINICIO, FECHARESERVA, PRECIO, CANCELADO)
VALUES(86, 4, 4, null, 5, TO_DATE('2013-01-5','YYYY-MM-DD'), TO_DATE('2012-12-23','YYYY-MM-DD'), 600000, 'Y');

INSERT INTO RESERVAS (ID, IDESPACIO, IDCLIENTE, IDCOLECTIVA, DURACION, FECHAINICIO, FECHARESERVA, PRECIO, CANCELADO)
VALUES(87, 4, 4, null, 15, TO_DATE('2014-01-5','YYYY-MM-DD'), TO_DATE('2013-12-23','YYYY-MM-DD'), 1800000, 'Y');

INSERT INTO RESERVAS (ID, IDESPACIO, IDCLIENTE, IDCOLECTIVA, DURACION, FECHAINICIO, FECHARESERVA, PRECIO, CANCELADO)
VALUES(88, 4, 4, null, 2, TO_DATE('2014-03-17','YYYY-MM-DD'), TO_DATE('2013-12-23','YYYY-MM-DD'), 240000, 'N');

INSERT INTO RESERVAS (ID, IDESPACIO, IDCLIENTE, IDCOLECTIVA, DURACION, FECHAINICIO, FECHARESERVA, PRECIO, CANCELADO)
VALUES(89, 4, 4, null, 10, TO_DATE('2014-10-15','YYYY-MM-DD'), TO_DATE('2013-12-23','YYYY-MM-DD'), 240000, 'N');

INSERT INTO RESERVAS (ID, IDESPACIO, IDCLIENTE, IDCOLECTIVA, DURACION, FECHAINICIO, FECHARESERVA, PRECIO, CANCELADO)
VALUES(90, 4, 4, null, 12, TO_DATE('2015-01-10','YYYY-MM-DD'), TO_DATE('2014-12-23','YYYY-MM-DD'), 144000, 'N');

INSERT INTO RESERVAS (ID, IDESPACIO, IDCLIENTE, IDCOLECTIVA, DURACION, FECHAINICIO, FECHARESERVA, PRECIO, CANCELADO)
VALUES(91, 4, 4, null, 3, TO_DATE('2015-03-22','YYYY-MM-DD'), TO_DATE('2014-12-23','YYYY-MM-DD'), 360000, 'N');

INSERT INTO RESERVAS (ID, IDESPACIO, IDCLIENTE, IDCOLECTIVA, DURACION, FECHAINICIO, FECHARESERVA, PRECIO, CANCELADO)
VALUES(92, 4, 4, null, 8, TO_DATE('2015-06-15','YYYY-MM-DD'), TO_DATE('2014-12-23','YYYY-MM-DD'), 960000, 'N');

INSERT INTO RESERVAS (ID, IDESPACIO, IDCLIENTE, IDCOLECTIVA, DURACION, FECHAINICIO, FECHARESERVA, PRECIO, CANCELADO)
VALUES(93, 4, 4, null, 12, TO_DATE('2016-01-10','YYYY-MM-DD'), TO_DATE('2015-01-01','YYYY-MM-DD'), 1440000, 'N');

INSERT INTO RESERVAS (ID, IDESPACIO, IDCLIENTE, IDCOLECTIVA, DURACION, FECHAINICIO, FECHARESERVA, PRECIO, CANCELADO)
VALUES(94, 4, 4, null, 3, TO_DATE('2016-03-22','YYYY-MM-DD'), TO_DATE('2016-01-01','YYYY-MM-DD'), 360000, 'N');

INSERT INTO RESERVAS (ID, IDESPACIO, IDCLIENTE, IDCOLECTIVA, DURACION, FECHAINICIO, FECHARESERVA, PRECIO, CANCELADO)
VALUES(95, 4, 4, null, 8, TO_DATE('2016-03-26','YYYY-MM-DD'), TO_DATE('2016-01-01','YYYY-MM-DD'), 960000, 'Y');

INSERT INTO RESERVAS (ID, IDESPACIO, IDCLIENTE, IDCOLECTIVA, DURACION, FECHAINICIO, FECHARESERVA, PRECIO, CANCELADO)
VALUES(96, 4, 4, null, 12, TO_DATE('2016-04-10','YYYY-MM-DD'), TO_DATE('2016-01-01','YYYY-MM-DD'), 1440000, 'Y');

INSERT INTO RESERVAS (ID, IDESPACIO, IDCLIENTE, IDCOLECTIVA, DURACION, FECHAINICIO, FECHARESERVA, PRECIO, CANCELADO)
VALUES(97, 4, 4, null, 10, TO_DATE('2017-01-12','YYYY-MM-DD'), TO_DATE('2017-01-01','YYYY-MM-DD'), 1200000, 'N');

INSERT INTO RESERVAS (ID, IDESPACIO, IDCLIENTE, IDCOLECTIVA, DURACION, FECHAINICIO, FECHARESERVA, PRECIO, CANCELADO)
VALUES(98, 4, 4, null, 3, TO_DATE('2018-01-05','YYYY-MM-DD'), TO_DATE('2018-01-01','YYYY-MM-DD'), 360000, 'Y');

INSERT INTO RESERVAS (ID, IDESPACIO, IDCLIENTE, IDCOLECTIVA, DURACION, FECHAINICIO, FECHARESERVA, PRECIO, CANCELADO)
VALUES(99, 4, 4, null, 10, TO_DATE('2018-02-05','YYYY-MM-DD'), TO_DATE('2018-01-01','YYYY-MM-DD'), 1200000, 'N');

INSERT INTO RESERVAS (ID, IDESPACIO, IDCLIENTE, IDCOLECTIVA, DURACION, FECHAINICIO, FECHARESERVA, PRECIO, CANCELADO)
VALUES(100, 4, 4, null, 25, TO_DATE('2018-03-05','YYYY-MM-DD'), TO_DATE('2018-01-01','YYYY-MM-DD'), 3000000, 'N');

INSERT INTO RESERVAS (ID, IDESPACIO, IDCLIENTE, IDCOLECTIVA, DURACION, FECHAINICIO, FECHARESERVA, PRECIO, CANCELADO)
VALUES(101, 4, 4, null, 2, TO_DATE('2018-04-05','YYYY-MM-DD'), TO_DATE('2018-01-01','YYYY-MM-DD'), 240000, 'N');

INSERT INTO RESERVAS (ID, IDESPACIO, IDCLIENTE, IDCOLECTIVA, DURACION, FECHAINICIO, FECHARESERVA, PRECIO, CANCELADO)
VALUES(102, 4, 4, null, 4, TO_DATE('2018-05-05','YYYY-MM-DD'), TO_DATE('2018-04-23','YYYY-MM-DD'), 480000, 'N');

INSERT INTO RESERVAS (ID, IDESPACIO, IDCLIENTE, IDCOLECTIVA, DURACION, FECHAINICIO, FECHARESERVA, PRECIO, CANCELADO)
VALUES(103, 4, 4, null, 5, TO_DATE('2018-06-05','YYYY-MM-DD'), TO_DATE('2018-04-23','YYYY-MM-DD'), 600000, 'N');

INSERT INTO RESERVAS (ID, IDESPACIO, IDCLIENTE, IDCOLECTIVA, DURACION, FECHAINICIO, FECHARESERVA, PRECIO, CANCELADO)
VALUES(104, 4, 4, null, 15, TO_DATE('2018-07-05','YYYY-MM-DD'), TO_DATE('2018-04-23','YYYY-MM-DD'), 1800000, 'N');

INSERT INTO RESERVAS (ID, IDESPACIO, IDCLIENTE, IDCOLECTIVA, DURACION, FECHAINICIO, FECHARESERVA, PRECIO, CANCELADO)
VALUES(105, 4, 4, null, 21, TO_DATE('2018-08-05','YYYY-MM-DD'), TO_DATE('2018-04-23','YYYY-MM-DD'), 2520000, 'N');

INSERT INTO RESERVAS (ID, IDESPACIO, IDCLIENTE, IDCOLECTIVA, DURACION, FECHAINICIO, FECHARESERVA, PRECIO, CANCELADO)
VALUES(106, 4, 4, null, 4, TO_DATE('2018-09-05','YYYY-MM-DD'), TO_DATE('2018-04-23','YYYY-MM-DD'), 480000, 'N');

INSERT INTO RESERVAS (ID, IDESPACIO, IDCLIENTE, IDCOLECTIVA, DURACION, FECHAINICIO, FECHARESERVA, PRECIO, CANCELADO)
VALUES(107, 4, 4, null, 11, TO_DATE('2018-10-05','YYYY-MM-DD'), TO_DATE('2018-04-23','YYYY-MM-DD'), 1320000, 'N');

INSERT INTO RESERVAS (ID, IDESPACIO, IDCLIENTE, IDCOLECTIVA, DURACION, FECHAINICIO, FECHARESERVA, PRECIO, CANCELADO)
VALUES(108, 4, 4, null, 9, TO_DATE('2018-11-05','YYYY-MM-DD'), TO_DATE('2018-04-23','YYYY-MM-DD'), 1080000, 'Y');

INSERT INTO RESERVAS (ID, IDESPACIO, IDCLIENTE, IDCOLECTIVA, DURACION, FECHAINICIO, FECHARESERVA, PRECIO, CANCELADO)
VALUES(109, 4, 4, null, 28, TO_DATE('2018-12-05','YYYY-MM-DD'), TO_DATE('2018-04-23','YYYY-MM-DD'), 3360000, 'Y');

INSERT INTO RESERVAS (ID, IDESPACIO, IDCLIENTE, IDCOLECTIVA, DURACION, FECHAINICIO, FECHARESERVA, PRECIO, CANCELADO)
VALUES(110, 4, 4, null, 6, TO_DATE('2019-01-05','YYYY-MM-DD'), TO_DATE('2018-04-23','YYYY-MM-DD'), 720000, 'Y');

INSERT INTO RESERVAS (ID, IDESPACIO, IDCLIENTE, IDCOLECTIVA, DURACION, FECHAINICIO, FECHARESERVA, PRECIO, CANCELADO)
VALUES(111, 4, 4, null, 5, TO_DATE('2019-01-12','YYYY-MM-DD'), TO_DATE('2018-04-23','YYYY-MM-DD'), 600000, 'Y');

INSERT INTO RESERVAS (ID, IDESPACIO, IDCLIENTE, IDCOLECTIVA, DURACION, FECHAINICIO, FECHARESERVA, PRECIO, CANCELADO)
VALUES(112, 4, 4, null, 10, TO_DATE('2019-02-05','YYYY-MM-DD'), TO_DATE('2018-04-23','YYYY-MM-DD'), 1200000, 'N');

INSERT INTO RESERVAS (ID, IDESPACIO, IDCLIENTE, IDCOLECTIVA, DURACION, FECHAINICIO, FECHARESERVA, PRECIO, CANCELADO)
VALUES(113, 4, 4, null, 5, TO_DATE('2019-02-11','YYYY-MM-DD'), TO_DATE('2018-04-23','YYYY-MM-DD'), 600000, 'N');

INSERT INTO RESERVAS (ID, IDESPACIO, IDCLIENTE, IDCOLECTIVA, DURACION, FECHAINICIO, FECHARESERVA, PRECIO, CANCELADO)
VALUES(114, 4, 4, null, 3, TO_DATE('2019-02-17','YYYY-MM-DD'), TO_DATE('2018-04-23','YYYY-MM-DD'), 360000, 'N');

INSERT INTO RESERVAS (ID, IDESPACIO, IDCLIENTE, IDCOLECTIVA, DURACION, FECHAINICIO, FECHARESERVA, PRECIO, CANCELADO)
VALUES(115, 4, 4, null, 5, TO_DATE('2019-02-21','YYYY-MM-DD'), TO_DATE('2018-04-23','YYYY-MM-DD'), 600000, 'N');

INSERT INTO RESERVAS (ID, IDESPACIO, IDCLIENTE, IDCOLECTIVA, DURACION, FECHAINICIO, FECHARESERVA, PRECIO, CANCELADO)
VALUES(116, 4, 4, null, 10, TO_DATE('2019-02-27','YYYY-MM-DD'), TO_DATE('2018-04-23','YYYY-MM-DD'), 1200000, 'N');

INSERT INTO RESERVAS (ID, IDESPACIO, IDCLIENTE, IDCOLECTIVA, DURACION, FECHAINICIO, FECHARESERVA, PRECIO, CANCELADO)
VALUES(117, 5, 5, null, 10, TO_DATE('2010-10-12','YYYY-MM-DD'), TO_DATE('2010-01-01','YYYY-MM-DD'), 600000, 'N');

INSERT INTO RESERVAS (ID, IDESPACIO, IDCLIENTE, IDCOLECTIVA, DURACION, FECHAINICIO, FECHARESERVA, PRECIO, CANCELADO)
VALUES(118, 5, 5, null, 5, TO_DATE('2010-12-31','YYYY-MM-DD'), TO_DATE('2010-01-01','YYYY-MM-DD'), 600000, 'N');

INSERT INTO RESERVAS (ID, IDESPACIO, IDCLIENTE, IDCOLECTIVA, DURACION, FECHAINICIO, FECHARESERVA, PRECIO, CANCELADO)
VALUES(119, 5, 5, null, 2, TO_DATE('2011-02-12','YYYY-MM-DD'), TO_DATE('2010-01-01','YYYY-MM-DD'), 240000, 'N');

INSERT INTO RESERVAS (ID, IDESPACIO, IDCLIENTE, IDCOLECTIVA, DURACION, FECHAINICIO, FECHARESERVA, PRECIO, CANCELADO)
VALUES(120, 5, 5, null, 7, TO_DATE('2011-10-22','YYYY-MM-DD'), TO_DATE('2011-01-01','YYYY-MM-DD'), 840000, 'N');

INSERT INTO RESERVAS (ID, IDESPACIO, IDCLIENTE, IDCOLECTIVA, DURACION, FECHAINICIO, FECHARESERVA, PRECIO, CANCELADO)
VALUES(121, 1, 1, null, 10, TO_DATE('2012-01-02','YYYY-MM-DD'), TO_DATE('2012-01-01','YYYY-MM-DD'), 1200000, 'N');

INSERT INTO RESERVAS (ID, IDESPACIO, IDCLIENTE, IDCOLECTIVA, DURACION, FECHAINICIO, FECHARESERVA, PRECIO, CANCELADO)
VALUES(122, 5, 5, null, 5, TO_DATE('2013-01-5','YYYY-MM-DD'), TO_DATE('2013-01-01','YYYY-MM-DD'), 500000, 'N');

INSERT INTO RESERVAS (ID, IDESPACIO, IDCLIENTE, IDCOLECTIVA, DURACION, FECHAINICIO, FECHARESERVA, PRECIO, CANCELADO)
VALUES(123, 5, 5, null, 15, TO_DATE('2014-01-5','YYYY-MM-DD'), TO_DATE('2014-01-01','YYYY-MM-DD'), 1500000, 'N');

INSERT INTO RESERVAS (ID, IDESPACIO, IDCLIENTE, IDCOLECTIVA, DURACION, FECHAINICIO, FECHARESERVA, PRECIO, CANCELADO)
VALUES(124, 5, 5, null, 2, TO_DATE('2014-03-17','YYYY-MM-DD'), TO_DATE('2014-01-01','YYYY-MM-DD'), 200000, 'Y');

INSERT INTO RESERVAS (ID, IDESPACIO, IDCLIENTE, IDCOLECTIVA, DURACION, FECHAINICIO, FECHARESERVA, PRECIO, CANCELADO)
VALUES(125, 5, 5, null, 10, TO_DATE('2014-10-15','YYYY-MM-DD'), TO_DATE('2014-01-01','YYYY-MM-DD'), 1000000, 'Y');

INSERT INTO RESERVAS (ID, IDESPACIO, IDCLIENTE, IDCOLECTIVA, DURACION, FECHAINICIO, FECHARESERVA, PRECIO, CANCELADO)
VALUES(126, 5, 5, null, 12, TO_DATE('2015-01-10','YYYY-MM-DD'), TO_DATE('2015-01-01','YYYY-MM-DD'), 1200000, 'Y');

INSERT INTO RESERVAS (ID, IDESPACIO, IDCLIENTE, IDCOLECTIVA, DURACION, FECHAINICIO, FECHARESERVA, PRECIO, CANCELADO)
VALUES(127, 5, 5, null, 3, TO_DATE('2015-03-22','YYYY-MM-DD'), TO_DATE('2015-01-01','YYYY-MM-DD'), 300000, 'Y');

INSERT INTO RESERVAS (ID, IDESPACIO, IDCLIENTE, IDCOLECTIVA, DURACION, FECHAINICIO, FECHARESERVA, PRECIO, CANCELADO)
VALUES(128, 5, 5, null, 8, TO_DATE('2015-06-15','YYYY-MM-DD'), TO_DATE('2015-01-01','YYYY-MM-DD'), 800000, 'Y');

INSERT INTO RESERVAS (ID, IDESPACIO, IDCLIENTE, IDCOLECTIVA, DURACION, FECHAINICIO, FECHARESERVA, PRECIO, CANCELADO)
VALUES(129, 5, 5, null, 12, TO_DATE('2016-01-10','YYYY-MM-DD'), TO_DATE('2016-01-01','YYYY-MM-DD'), 1200000, 'Y');

INSERT INTO RESERVAS (ID, IDESPACIO, IDCLIENTE, IDCOLECTIVA, DURACION, FECHAINICIO, FECHARESERVA, PRECIO, CANCELADO)
VALUES(130, 5, 5, null, 3, TO_DATE('2016-03-22','YYYY-MM-DD'), TO_DATE('2016-01-01','YYYY-MM-DD'), 300000, 'N');

INSERT INTO RESERVAS (ID, IDESPACIO, IDCLIENTE, IDCOLECTIVA, DURACION, FECHAINICIO, FECHARESERVA, PRECIO, CANCELADO)
VALUES(131, 5, 5, null, 8, TO_DATE('2016-03-26','YYYY-MM-DD'), TO_DATE('2016-01-01','YYYY-MM-DD'), 800000, 'N');

INSERT INTO RESERVAS (ID, IDESPACIO, IDCLIENTE, IDCOLECTIVA, DURACION, FECHAINICIO, FECHARESERVA, PRECIO, CANCELADO)
VALUES(132, 5, 5, null, 12, TO_DATE('2016-04-10','YYYY-MM-DD'), TO_DATE('2016-01-01','YYYY-MM-DD'), 1200000, 'N');

INSERT INTO RESERVAS (ID, IDESPACIO, IDCLIENTE, IDCOLECTIVA, DURACION, FECHAINICIO, FECHARESERVA, PRECIO, CANCELADO)
VALUES(133, 5, 5, null, 10, TO_DATE('2017-01-12','YYYY-MM-DD'), TO_DATE('2017-01-01','YYYY-MM-DD'), 1000000, 'N');

INSERT INTO RESERVAS (ID, IDESPACIO, IDCLIENTE, IDCOLECTIVA, DURACION, FECHAINICIO, FECHARESERVA, PRECIO, CANCELADO)
VALUES(134, 5, 5, null, 15, TO_DATE('2017-02-12','YYYY-MM-DD'), TO_DATE('2017-01-01','YYYY-MM-DD'), 1500000, 'N');

INSERT INTO RESERVAS (ID, IDESPACIO, IDCLIENTE, IDCOLECTIVA, DURACION, FECHAINICIO, FECHARESERVA, PRECIO, CANCELADO)
VALUES(135, 5, 5, null, 20, TO_DATE('2017-03-12','YYYY-MM-DD'), TO_DATE('2017-01-01','YYYY-MM-DD'), 2000000, 'N');

INSERT INTO RESERVAS (ID, IDESPACIO, IDCLIENTE, IDCOLECTIVA, DURACION, FECHAINICIO, FECHARESERVA, PRECIO, CANCELADO)
VALUES(136, 5, 5, null, 21, TO_DATE('2017-04-12','YYYY-MM-DD'), TO_DATE('2017-01-01','YYYY-MM-DD'), 2100000, 'N');

INSERT INTO RESERVAS (ID, IDESPACIO, IDCLIENTE, IDCOLECTIVA, DURACION, FECHAINICIO, FECHARESERVA, PRECIO, CANCELADO)
VALUES(137, 5, 5, null, 12, TO_DATE('2017-05-12','YYYY-MM-DD'), TO_DATE('2017-01-01','YYYY-MM-DD'), 1200000, 'N');

INSERT INTO RESERVAS (ID, IDESPACIO, IDCLIENTE, IDCOLECTIVA, DURACION, FECHAINICIO, FECHARESERVA, PRECIO, CANCELADO)
VALUES(138, 5, 5, null, 3, TO_DATE('2018-01-05','YYYY-MM-DD'), TO_DATE('2018-01-01','YYYY-MM-DD'), 300000, 'N');

INSERT INTO RESERVAS (ID, IDESPACIO, IDCLIENTE, IDCOLECTIVA, DURACION, FECHAINICIO, FECHARESERVA, PRECIO, CANCELADO)
VALUES(139, 5, 5, null, 10, TO_DATE('2018-02-05','YYYY-MM-DD'), TO_DATE('2018-01-01','YYYY-MM-DD'), 1000000, 'N');

INSERT INTO RESERVAS (ID, IDESPACIO, IDCLIENTE, IDCOLECTIVA, DURACION, FECHAINICIO, FECHARESERVA, PRECIO, CANCELADO)
VALUES(140, 5, 5, null, 25, TO_DATE('2018-03-05','YYYY-MM-DD'), TO_DATE('2018-01-01','YYYY-MM-DD'), 2500000, 'N');

INSERT INTO RESERVAS (ID, IDESPACIO, IDCLIENTE, IDCOLECTIVA, DURACION, FECHAINICIO, FECHARESERVA, PRECIO, CANCELADO)
VALUES(141, 5, 5, null, 2, TO_DATE('2018-04-05','YYYY-MM-DD'), TO_DATE('2018-01-01','YYYY-MM-DD'), 200000, 'Y');

INSERT INTO RESERVAS (ID, IDESPACIO, IDCLIENTE, IDCOLECTIVA, DURACION, FECHAINICIO, FECHARESERVA, PRECIO, CANCELADO)
VALUES(142, 5, 5, null, 4, TO_DATE('2018-05-05','YYYY-MM-DD'), TO_DATE('2018-04-23','YYYY-MM-DD'), 400000, 'Y');

INSERT INTO RESERVAS (ID, IDESPACIO, IDCLIENTE, IDCOLECTIVA, DURACION, FECHAINICIO, FECHARESERVA, PRECIO, CANCELADO)
VALUES(143, 5, 5, null, 5, TO_DATE('2018-06-05','YYYY-MM-DD'), TO_DATE('2018-04-23','YYYY-MM-DD'), 500000, 'Y');

INSERT INTO RESERVAS (ID, IDESPACIO, IDCLIENTE, IDCOLECTIVA, DURACION, FECHAINICIO, FECHARESERVA, PRECIO, CANCELADO)
VALUES(144, 5, 5, null, 15, TO_DATE('2018-07-05','YYYY-MM-DD'), TO_DATE('2018-04-23','YYYY-MM-DD'), 1500000, 'Y');

INSERT INTO RESERVAS (ID, IDESPACIO, IDCLIENTE, IDCOLECTIVA, DURACION, FECHAINICIO, FECHARESERVA, PRECIO, CANCELADO)
VALUES(145, 5, 5, null, 21, TO_DATE('2018-08-05','YYYY-MM-DD'), TO_DATE('2018-04-23','YYYY-MM-DD'), 2100000, 'Y');

INSERT INTO RESERVAS (ID, IDESPACIO, IDCLIENTE, IDCOLECTIVA, DURACION, FECHAINICIO, FECHARESERVA, PRECIO, CANCELADO)
VALUES(146, 5, 5, null, 4, TO_DATE('2018-09-05','YYYY-MM-DD'), TO_DATE('2018-04-23','YYYY-MM-DD'), 400000, 'N');

INSERT INTO RESERVAS (ID, IDESPACIO, IDCLIENTE, IDCOLECTIVA, DURACION, FECHAINICIO, FECHARESERVA, PRECIO, CANCELADO)
VALUES(147, 5, 5, null, 11, TO_DATE('2018-10-05','YYYY-MM-DD'), TO_DATE('2018-04-23','YYYY-MM-DD'), 1100000, 'N');

INSERT INTO RESERVAS (ID, IDESPACIO, IDCLIENTE, IDCOLECTIVA, DURACION, FECHAINICIO, FECHARESERVA, PRECIO, CANCELADO)
VALUES(148, 5, 5, null, 9, TO_DATE('2018-11-05','YYYY-MM-DD'), TO_DATE('2018-04-23','YYYY-MM-DD'), 900000, 'Y');

INSERT INTO RESERVAS (ID, IDESPACIO, IDCLIENTE, IDCOLECTIVA, DURACION, FECHAINICIO, FECHARESERVA, PRECIO, CANCELADO)
VALUES(149, 5, 5, null, 28, TO_DATE('2018-12-05','YYYY-MM-DD'), TO_DATE('2018-04-23','YYYY-MM-DD'), 2800000, 'N');

INSERT INTO RESERVAS (ID, IDESPACIO, IDCLIENTE, IDCOLECTIVA, DURACION, FECHAINICIO, FECHARESERVA, PRECIO, CANCELADO)
VALUES(150, 5, 5, null, 6, TO_DATE('2019-01-05','YYYY-MM-DD'), TO_DATE('2018-04-23','YYYY-MM-DD'), 600000, 'N');

INSERT INTO RESERVAS (ID, IDESPACIO, IDCLIENTE, IDCOLECTIVA, DURACION, FECHAINICIO, FECHARESERVA, PRECIO, CANCELADO)
VALUES(155, 5, 5, null, 5, TO_DATE('2019-02-21','YYYY-MM-DD'), TO_DATE('2018-04-23','YYYY-MM-DD'), 500000, 'N');

INSERT INTO RESERVAS (ID, IDESPACIO, IDCLIENTE, IDCOLECTIVA, DURACION, FECHAINICIO, FECHARESERVA, PRECIO, CANCELADO)
VALUES(156, 5, 5, null, 10, TO_DATE('2019-02-27','YYYY-MM-DD'), TO_DATE('2018-04-23','YYYY-MM-DD'), 1000000, 'Y');

INSERT INTO RESERVAS (ID, IDESPACIO, IDCLIENTE, IDCOLECTIVA, DURACION, FECHAINICIO, FECHARESERVA, PRECIO, CANCELADO)
VALUES(157, 5, 5, null, 5, TO_DATE('2019-04-11','YYYY-MM-DD'), TO_DATE('2018-04-23','YYYY-MM-DD'), 5000000, 'Y');

INSERT INTO RESERVAS (ID, IDESPACIO, IDCLIENTE, IDCOLECTIVA, DURACION, FECHAINICIO, FECHARESERVA, PRECIO, CANCELADO)
VALUES(158, 6, 6, null, 20, TO_DATE('2017-03-12','YYYY-MM-DD'), TO_DATE('2017-01-01','YYYY-MM-DD'), 10000000, 'N');

INSERT INTO RESERVAS (ID, IDESPACIO, IDCLIENTE, IDCOLECTIVA, DURACION, FECHAINICIO, FECHARESERVA, PRECIO, CANCELADO)
VALUES(159, 6, 6, null, 21, TO_DATE('2017-04-12','YYYY-MM-DD'), TO_DATE('2017-01-01','YYYY-MM-DD'), 10500000, 'N');

INSERT INTO RESERVAS (ID, IDESPACIO, IDCLIENTE, IDCOLECTIVA, DURACION, FECHAINICIO, FECHARESERVA, PRECIO, CANCELADO)
VALUES(160, 6, 6, null, 12, TO_DATE('2017-05-12','YYYY-MM-DD'), TO_DATE('2017-01-01','YYYY-MM-DD'), 6000000, 'N');

INSERT INTO RESERVAS (ID, IDESPACIO, IDCLIENTE, IDCOLECTIVA, DURACION, FECHAINICIO, FECHARESERVA, PRECIO, CANCELADO)
VALUES(161, 6, 6, null, 3, TO_DATE('2018-01-05','YYYY-MM-DD'), TO_DATE('2018-01-01','YYYY-MM-DD'), 1500000, 'Y');

INSERT INTO RESERVAS (ID, IDESPACIO, IDCLIENTE, IDCOLECTIVA, DURACION, FECHAINICIO, FECHARESERVA, PRECIO, CANCELADO)
VALUES(162, 6, 6, null, 10, TO_DATE('2018-02-05','YYYY-MM-DD'), TO_DATE('2018-01-01','YYYY-MM-DD'), 5000000, 'N');

INSERT INTO RESERVAS (ID, IDESPACIO, IDCLIENTE, IDCOLECTIVA, DURACION, FECHAINICIO, FECHARESERVA, PRECIO, CANCELADO)
VALUES(163, 6, 6, null, 25, TO_DATE('2018-03-05','YYYY-MM-DD'), TO_DATE('2018-01-01','YYYY-MM-DD'), 12500000, 'N');

INSERT INTO RESERVAS (ID, IDESPACIO, IDCLIENTE, IDCOLECTIVA, DURACION, FECHAINICIO, FECHARESERVA, PRECIO, CANCELADO)
VALUES(164, 6, 6, null, 2, TO_DATE('2018-04-05','YYYY-MM-DD'), TO_DATE('2018-01-01','YYYY-MM-DD'), 1000000, 'N');

INSERT INTO RESERVAS (ID, IDESPACIO, IDCLIENTE, IDCOLECTIVA, DURACION, FECHAINICIO, FECHARESERVA, PRECIO, CANCELADO)
VALUES(165, 6, 6, null, 4, TO_DATE('2018-05-05','YYYY-MM-DD'), TO_DATE('2018-04-23','YYYY-MM-DD'), 2000000, 'Y');

INSERT INTO RESERVAS (ID, IDESPACIO, IDCLIENTE, IDCOLECTIVA, DURACION, FECHAINICIO, FECHARESERVA, PRECIO, CANCELADO)
VALUES(166, 6, 6, null, 5, TO_DATE('2018-06-05','YYYY-MM-DD'), TO_DATE('2018-04-23','YYYY-MM-DD'), 2500000, 'Y');

INSERT INTO RESERVAS (ID, IDESPACIO, IDCLIENTE, IDCOLECTIVA, DURACION, FECHAINICIO, FECHARESERVA, PRECIO, CANCELADO)
VALUES(167, 6, 6, null, 15, TO_DATE('2018-07-05','YYYY-MM-DD'), TO_DATE('2018-04-23','YYYY-MM-DD'), 7500000, 'N');

INSERT INTO RESERVAS (ID, IDESPACIO, IDCLIENTE, IDCOLECTIVA, DURACION, FECHAINICIO, FECHARESERVA, PRECIO, CANCELADO)
VALUES(168, 6, 6, null, 21, TO_DATE('2018-08-05','YYYY-MM-DD'), TO_DATE('2018-04-23','YYYY-MM-DD'), 10500000, 'N');

INSERT INTO RESERVAS (ID, IDESPACIO, IDCLIENTE, IDCOLECTIVA, DURACION, FECHAINICIO, FECHARESERVA, PRECIO, CANCELADO)
VALUES(169, 6, 6, null, 4, TO_DATE('2018-09-05','YYYY-MM-DD'), TO_DATE('2018-04-23','YYYY-MM-DD'), 2000000, 'N');

INSERT INTO RESERVAS (ID, IDESPACIO, IDCLIENTE, IDCOLECTIVA, DURACION, FECHAINICIO, FECHARESERVA, PRECIO, CANCELADO)
VALUES(170, 6, 6, null, 11, TO_DATE('2018-10-05','YYYY-MM-DD'), TO_DATE('2018-04-23','YYYY-MM-DD'), 5500000, 'N');

INSERT INTO RESERVAS (ID, IDESPACIO, IDCLIENTE, IDCOLECTIVA, DURACION, FECHAINICIO, FECHARESERVA, PRECIO, CANCELADO)
VALUES(171, 6, 6, null, 9, TO_DATE('2018-11-05','YYYY-MM-DD'), TO_DATE('2018-04-23','YYYY-MM-DD'), 4500000, 'N');

INSERT INTO RESERVAS (ID, IDESPACIO, IDCLIENTE, IDCOLECTIVA, DURACION, FECHAINICIO, FECHARESERVA, PRECIO, CANCELADO)
VALUES(172, 6, 6, null, 28, TO_DATE('2018-12-05','YYYY-MM-DD'), TO_DATE('2018-04-23','YYYY-MM-DD'), 14000000, 'N');

INSERT INTO RESERVAS (ID, IDESPACIO, IDCLIENTE, IDCOLECTIVA, DURACION, FECHAINICIO, FECHARESERVA, PRECIO, CANCELADO)
VALUES(173, 6, 6, null, 6, TO_DATE('2019-01-05','YYYY-MM-DD'), TO_DATE('2018-04-23','YYYY-MM-DD'), 3000000, 'Y');

INSERT INTO RESERVAS (ID, IDESPACIO, IDCLIENTE, IDCOLECTIVA, DURACION, FECHAINICIO, FECHARESERVA, PRECIO, CANCELADO)
VALUES(174, 6, 6, null, 5, TO_DATE('2019-02-21','YYYY-MM-DD'), TO_DATE('2018-04-23','YYYY-MM-DD'), 2500000, 'Y');

INSERT INTO RESERVAS (ID, IDESPACIO, IDCLIENTE, IDCOLECTIVA, DURACION, FECHAINICIO, FECHARESERVA, PRECIO, CANCELADO)
VALUES(175, 6, 6, null, 10, TO_DATE('2019-02-27','YYYY-MM-DD'), TO_DATE('2018-04-23','YYYY-MM-DD'), 5000000, 'Y');

INSERT INTO RESERVAS (ID, IDESPACIO, IDCLIENTE, IDCOLECTIVA, DURACION, FECHAINICIO, FECHARESERVA, PRECIO, CANCELADO)
VALUES(176, 6, 6, null, 5, TO_DATE('2019-04-11','YYYY-MM-DD'), TO_DATE('2018-04-23','YYYY-MM-DD'), 2500000, 'Y');

INSERT INTO RESERVAS (ID, IDESPACIO, IDCLIENTE, IDCOLECTIVA, DURACION, FECHAINICIO, FECHARESERVA, PRECIO, CANCELADO)
VALUES(177, 7, 7, null, 20, TO_DATE('2017-03-12','YYYY-MM-DD'), TO_DATE('2017-01-01','YYYY-MM-DD'), 10000000, 'N');

INSERT INTO RESERVAS (ID, IDESPACIO, IDCLIENTE, IDCOLECTIVA, DURACION, FECHAINICIO, FECHARESERVA, PRECIO, CANCELADO)
VALUES(178, 7, 7, null, 21, TO_DATE('2017-04-12','YYYY-MM-DD'), TO_DATE('2017-01-01','YYYY-MM-DD'), 10500000, 'N');

INSERT INTO RESERVAS (ID, IDESPACIO, IDCLIENTE, IDCOLECTIVA, DURACION, FECHAINICIO, FECHARESERVA, PRECIO, CANCELADO)
VALUES(179, 7, 7, null, 12, TO_DATE('2017-05-12','YYYY-MM-DD'), TO_DATE('2017-01-01','YYYY-MM-DD'), 6000000, 'N');

INSERT INTO RESERVAS (ID, IDESPACIO, IDCLIENTE, IDCOLECTIVA, DURACION, FECHAINICIO, FECHARESERVA, PRECIO, CANCELADO)
VALUES(180, 7, 7, null, 3, TO_DATE('2018-01-05','YYYY-MM-DD'), TO_DATE('2018-01-01','YYYY-MM-DD'), 1500000, 'Y');

INSERT INTO RESERVAS (ID, IDESPACIO, IDCLIENTE, IDCOLECTIVA, DURACION, FECHAINICIO, FECHARESERVA, PRECIO, CANCELADO)
VALUES(181, 7, 7, null, 10, TO_DATE('2018-02-05','YYYY-MM-DD'), TO_DATE('2018-01-01','YYYY-MM-DD'), 5000000, 'N');

INSERT INTO RESERVAS (ID, IDESPACIO, IDCLIENTE, IDCOLECTIVA, DURACION, FECHAINICIO, FECHARESERVA, PRECIO, CANCELADO)
VALUES(182, 7, 7, null, 25, TO_DATE('2018-03-05','YYYY-MM-DD'), TO_DATE('2018-01-01','YYYY-MM-DD'), 12500000, 'Y');

INSERT INTO RESERVAS (ID, IDESPACIO, IDCLIENTE, IDCOLECTIVA, DURACION, FECHAINICIO, FECHARESERVA, PRECIO, CANCELADO)
VALUES(183, 7, 7, null, 2, TO_DATE('2018-04-05','YYYY-MM-DD'), TO_DATE('2018-01-01','YYYY-MM-DD'), 1000000, 'N');

INSERT INTO RESERVAS (ID, IDESPACIO, IDCLIENTE, IDCOLECTIVA, DURACION, FECHAINICIO, FECHARESERVA, PRECIO, CANCELADO)
VALUES(184, 7, 7, null, 4, TO_DATE('2018-05-05','YYYY-MM-DD'), TO_DATE('2018-04-23','YYYY-MM-DD'), 2000000, 'Y');

INSERT INTO RESERVAS (ID, IDESPACIO, IDCLIENTE, IDCOLECTIVA, DURACION, FECHAINICIO, FECHARESERVA, PRECIO, CANCELADO)
VALUES(185, 7, 7, null, 5, TO_DATE('2018-06-05','YYYY-MM-DD'), TO_DATE('2018-04-23','YYYY-MM-DD'), 2500000, 'N');

INSERT INTO RESERVAS (ID, IDESPACIO, IDCLIENTE, IDCOLECTIVA, DURACION, FECHAINICIO, FECHARESERVA, PRECIO, CANCELADO)
VALUES(186, 7, 7, null, 15, TO_DATE('2018-07-05','YYYY-MM-DD'), TO_DATE('2018-04-23','YYYY-MM-DD'), 7500000, 'Y');

INSERT INTO RESERVAS (ID, IDESPACIO, IDCLIENTE, IDCOLECTIVA, DURACION, FECHAINICIO, FECHARESERVA, PRECIO, CANCELADO)
VALUES(187, 7, 7, null, 21, TO_DATE('2018-08-05','YYYY-MM-DD'), TO_DATE('2018-04-23','YYYY-MM-DD'), 10500000, 'N');

INSERT INTO RESERVAS (ID, IDESPACIO, IDCLIENTE, IDCOLECTIVA, DURACION, FECHAINICIO, FECHARESERVA, PRECIO, CANCELADO)
VALUES(188, 7, 7, null, 4, TO_DATE('2018-09-05','YYYY-MM-DD'), TO_DATE('2018-04-23','YYYY-MM-DD'), 2000000, 'Y');

INSERT INTO RESERVAS (ID, IDESPACIO, IDCLIENTE, IDCOLECTIVA, DURACION, FECHAINICIO, FECHARESERVA, PRECIO, CANCELADO)
VALUES(189, 7, 7, null, 11, TO_DATE('2018-10-05','YYYY-MM-DD'), TO_DATE('2018-04-23','YYYY-MM-DD'), 5500000, 'N');

INSERT INTO RESERVAS (ID, IDESPACIO, IDCLIENTE, IDCOLECTIVA, DURACION, FECHAINICIO, FECHARESERVA, PRECIO, CANCELADO)
VALUES(190, 7, 7, null, 9, TO_DATE('2018-11-05','YYYY-MM-DD'), TO_DATE('2018-04-23','YYYY-MM-DD'), 4500000, 'Y');

INSERT INTO RESERVAS (ID, IDESPACIO, IDCLIENTE, IDCOLECTIVA, DURACION, FECHAINICIO, FECHARESERVA, PRECIO, CANCELADO)
VALUES(191, 7, 7, null, 28, TO_DATE('2018-12-05','YYYY-MM-DD'), TO_DATE('2018-04-23','YYYY-MM-DD'), 14000000, 'N');

INSERT INTO RESERVAS (ID, IDESPACIO, IDCLIENTE, IDCOLECTIVA, DURACION, FECHAINICIO, FECHARESERVA, PRECIO, CANCELADO)
VALUES(192, 7, 7, null, 6, TO_DATE('2019-01-05','YYYY-MM-DD'), TO_DATE('2018-04-23','YYYY-MM-DD'), 3000000, 'Y');

INSERT INTO RESERVAS (ID, IDESPACIO, IDCLIENTE, IDCOLECTIVA, DURACION, FECHAINICIO, FECHARESERVA, PRECIO, CANCELADO)
VALUES(193, 7, 7, null, 5, TO_DATE('2019-02-21','YYYY-MM-DD'), TO_DATE('2018-04-23','YYYY-MM-DD'), 2500000, 'N');

INSERT INTO RESERVAS (ID, IDESPACIO, IDCLIENTE, IDCOLECTIVA, DURACION, FECHAINICIO, FECHARESERVA, PRECIO, CANCELADO)
VALUES(194, 7, 7, null, 10, TO_DATE('2019-02-27','YYYY-MM-DD'), TO_DATE('2018-04-23','YYYY-MM-DD'), 5000000, 'Y');

INSERT INTO RESERVAS (ID, IDESPACIO, IDCLIENTE, IDCOLECTIVA, DURACION, FECHAINICIO, FECHARESERVA, PRECIO, CANCELADO)
VALUES(195, 7, 7, null, 5, TO_DATE('2019-04-11','YYYY-MM-DD'), TO_DATE('2018-04-23','YYYY-MM-DD'), 2500000, 'N');

INSERT INTO RESERVAS (ID, IDESPACIO, IDCLIENTE, IDCOLECTIVA, DURACION, FECHAINICIO, FECHARESERVA, PRECIO, CANCELADO)
VALUES(196, 8, 8, null, 20, TO_DATE('2017-03-12','YYYY-MM-DD'), TO_DATE('2017-01-01','YYYY-MM-DD'), 10000000, 'N');

INSERT INTO RESERVAS (ID, IDESPACIO, IDCLIENTE, IDCOLECTIVA, DURACION, FECHAINICIO, FECHARESERVA, PRECIO, CANCELADO)
VALUES(197, 8, 8, null, 21, TO_DATE('2017-04-12','YYYY-MM-DD'), TO_DATE('2017-01-01','YYYY-MM-DD'), 10500000, 'N');

INSERT INTO RESERVAS (ID, IDESPACIO, IDCLIENTE, IDCOLECTIVA, DURACION, FECHAINICIO, FECHARESERVA, PRECIO, CANCELADO)
VALUES(198, 8, 8, null, 12, TO_DATE('2017-05-12','YYYY-MM-DD'), TO_DATE('2017-01-01','YYYY-MM-DD'), 6000000, 'N');

INSERT INTO RESERVAS (ID, IDESPACIO, IDCLIENTE, IDCOLECTIVA, DURACION, FECHAINICIO, FECHARESERVA, PRECIO, CANCELADO)
VALUES(199, 8, 8, null, 3, TO_DATE('2018-01-05','YYYY-MM-DD'), TO_DATE('2018-01-01','YYYY-MM-DD'), 1500000, 'Y');

INSERT INTO RESERVAS (ID, IDESPACIO, IDCLIENTE, IDCOLECTIVA, DURACION, FECHAINICIO, FECHARESERVA, PRECIO, CANCELADO)
VALUES(200, 8, 8, null, 10, TO_DATE('2018-02-05','YYYY-MM-DD'), TO_DATE('2018-01-01','YYYY-MM-DD'), 5000000, 'N');

INSERT INTO RESERVAS (ID, IDESPACIO, IDCLIENTE, IDCOLECTIVA, DURACION, FECHAINICIO, FECHARESERVA, PRECIO, CANCELADO)
VALUES(201, 8, 8, null, 25, TO_DATE('2018-03-05','YYYY-MM-DD'), TO_DATE('2018-01-01','YYYY-MM-DD'), 12500000, 'Y');

INSERT INTO RESERVAS (ID, IDESPACIO, IDCLIENTE, IDCOLECTIVA, DURACION, FECHAINICIO, FECHARESERVA, PRECIO, CANCELADO)
VALUES(202, 8, 8, null, 2, TO_DATE('2018-04-05','YYYY-MM-DD'), TO_DATE('2018-01-01','YYYY-MM-DD'), 1000000, 'N');

INSERT INTO RESERVAS (ID, IDESPACIO, IDCLIENTE, IDCOLECTIVA, DURACION, FECHAINICIO, FECHARESERVA, PRECIO, CANCELADO)
VALUES(203, 8, 8, null, 4, TO_DATE('2018-05-05','YYYY-MM-DD'), TO_DATE('2018-04-23','YYYY-MM-DD'), 2000000, 'N');

INSERT INTO RESERVAS (ID, IDESPACIO, IDCLIENTE, IDCOLECTIVA, DURACION, FECHAINICIO, FECHARESERVA, PRECIO, CANCELADO)
VALUES(204, 8, 8, null, 5, TO_DATE('2018-06-05','YYYY-MM-DD'), TO_DATE('2018-04-23','YYYY-MM-DD'), 2500000, 'N');

INSERT INTO RESERVAS (ID, IDESPACIO, IDCLIENTE, IDCOLECTIVA, DURACION, FECHAINICIO, FECHARESERVA, PRECIO, CANCELADO)
VALUES(205, 8, 8, null, 15, TO_DATE('2018-07-05','YYYY-MM-DD'), TO_DATE('2018-04-23','YYYY-MM-DD'), 7500000, 'Y');

INSERT INTO RESERVAS (ID, IDESPACIO, IDCLIENTE, IDCOLECTIVA, DURACION, FECHAINICIO, FECHARESERVA, PRECIO, CANCELADO)
VALUES(206, 8, 8, null, 21, TO_DATE('2018-08-05','YYYY-MM-DD'), TO_DATE('2018-04-23','YYYY-MM-DD'), 10500000, 'N');

INSERT INTO RESERVAS (ID, IDESPACIO, IDCLIENTE, IDCOLECTIVA, DURACION, FECHAINICIO, FECHARESERVA, PRECIO, CANCELADO)
VALUES(207, 8, 8, null, 4, TO_DATE('2018-09-05','YYYY-MM-DD'), TO_DATE('2018-04-23','YYYY-MM-DD'), 2000000, 'Y');

INSERT INTO RESERVAS (ID, IDESPACIO, IDCLIENTE, IDCOLECTIVA, DURACION, FECHAINICIO, FECHARESERVA, PRECIO, CANCELADO)
VALUES(208, 8, 8, null, 11, TO_DATE('2018-10-05','YYYY-MM-DD'), TO_DATE('2018-04-23','YYYY-MM-DD'), 5500000, 'N');

INSERT INTO RESERVAS (ID, IDESPACIO, IDCLIENTE, IDCOLECTIVA, DURACION, FECHAINICIO, FECHARESERVA, PRECIO, CANCELADO)
VALUES(209, 8, 8, null, 9, TO_DATE('2018-11-05','YYYY-MM-DD'), TO_DATE('2018-04-23','YYYY-MM-DD'), 4500000, 'N');

INSERT INTO RESERVAS (ID, IDESPACIO, IDCLIENTE, IDCOLECTIVA, DURACION, FECHAINICIO, FECHARESERVA, PRECIO, CANCELADO)
VALUES(210, 8, 8, null, 28, TO_DATE('2018-12-05','YYYY-MM-DD'), TO_DATE('2018-04-23','YYYY-MM-DD'), 14000000, 'Y');

INSERT INTO RESERVAS (ID, IDESPACIO, IDCLIENTE, IDCOLECTIVA, DURACION, FECHAINICIO, FECHARESERVA, PRECIO, CANCELADO)
VALUES(211, 8, 8, null, 6, TO_DATE('2019-01-05','YYYY-MM-DD'), TO_DATE('2018-04-23','YYYY-MM-DD'), 3000000, 'N');

INSERT INTO RESERVAS (ID, IDESPACIO, IDCLIENTE, IDCOLECTIVA, DURACION, FECHAINICIO, FECHARESERVA, PRECIO, CANCELADO)
VALUES(212, 8, 8, null, 5, TO_DATE('2019-02-21','YYYY-MM-DD'), TO_DATE('2018-04-23','YYYY-MM-DD'), 2500000, 'Y');

INSERT INTO RESERVAS (ID, IDESPACIO, IDCLIENTE, IDCOLECTIVA, DURACION, FECHAINICIO, FECHARESERVA, PRECIO, CANCELADO)
VALUES(213, 8, 8, null, 10, TO_DATE('2019-02-27','YYYY-MM-DD'), TO_DATE('2018-04-23','YYYY-MM-DD'), 5000000, 'N');

INSERT INTO RESERVAS (ID, IDESPACIO, IDCLIENTE, IDCOLECTIVA, DURACION, FECHAINICIO, FECHARESERVA, PRECIO, CANCELADO)
VALUES(214, 8, 8, null, 5, TO_DATE('2019-04-11','YYYY-MM-DD'), TO_DATE('2018-04-23','YYYY-MM-DD'), 2500000, 'Y');

INSERT INTO RESERVAS (ID, IDESPACIO, IDCLIENTE, IDCOLECTIVA, DURACION, FECHAINICIO, FECHARESERVA, PRECIO, CANCELADO)
VALUES(215, 10, 10, null, 20, TO_DATE('2017-03-12','YYYY-MM-DD'), TO_DATE('2017-01-01','YYYY-MM-DD'), 10000000, 'N');

INSERT INTO RESERVAS (ID, IDESPACIO, IDCLIENTE, IDCOLECTIVA, DURACION, FECHAINICIO, FECHARESERVA, PRECIO, CANCELADO)
VALUES(216, 10, 10, null, 21, TO_DATE('2017-04-12','YYYY-MM-DD'), TO_DATE('2017-01-01','YYYY-MM-DD'), 10500000, 'N');

INSERT INTO RESERVAS (ID, IDESPACIO, IDCLIENTE, IDCOLECTIVA, DURACION, FECHAINICIO, FECHARESERVA, PRECIO, CANCELADO)
VALUES(217, 10, 10, null, 12, TO_DATE('2017-05-12','YYYY-MM-DD'), TO_DATE('2017-01-01','YYYY-MM-DD'), 6000000, 'N');

INSERT INTO RESERVAS (ID, IDESPACIO, IDCLIENTE, IDCOLECTIVA, DURACION, FECHAINICIO, FECHARESERVA, PRECIO, CANCELADO)
VALUES(218, 10, 10, null, 3, TO_DATE('2018-01-05','YYYY-MM-DD'), TO_DATE('2018-01-01','YYYY-MM-DD'), 1500000, 'N');

INSERT INTO RESERVAS (ID, IDESPACIO, IDCLIENTE, IDCOLECTIVA, DURACION, FECHAINICIO, FECHARESERVA, PRECIO, CANCELADO)
VALUES(219, 10, 10, null, 10, TO_DATE('2018-02-05','YYYY-MM-DD'), TO_DATE('2018-01-01','YYYY-MM-DD'), 5000000, 'Y');

INSERT INTO RESERVAS (ID, IDESPACIO, IDCLIENTE, IDCOLECTIVA, DURACION, FECHAINICIO, FECHARESERVA, PRECIO, CANCELADO)
VALUES(220, 10, 10, null, 25, TO_DATE('2018-03-05','YYYY-MM-DD'), TO_DATE('2018-01-01','YYYY-MM-DD'), 12500000, 'N');

INSERT INTO RESERVAS (ID, IDESPACIO, IDCLIENTE, IDCOLECTIVA, DURACION, FECHAINICIO, FECHARESERVA, PRECIO, CANCELADO)
VALUES(221, 10, 10, null, 2, TO_DATE('2018-04-05','YYYY-MM-DD'), TO_DATE('2018-01-01','YYYY-MM-DD'), 1000000, 'Y');

INSERT INTO RESERVAS (ID, IDESPACIO, IDCLIENTE, IDCOLECTIVA, DURACION, FECHAINICIO, FECHARESERVA, PRECIO, CANCELADO)
VALUES(222, 10, 10, null, 4, TO_DATE('2018-05-05','YYYY-MM-DD'), TO_DATE('2018-04-23','YYYY-MM-DD'), 2000000, 'N');

INSERT INTO RESERVAS (ID, IDESPACIO, IDCLIENTE, IDCOLECTIVA, DURACION, FECHAINICIO, FECHARESERVA, PRECIO, CANCELADO)
VALUES(223, 10, 10, null, 5, TO_DATE('2018-06-05','YYYY-MM-DD'), TO_DATE('2018-04-23','YYYY-MM-DD'), 2500000, 'N');

INSERT INTO RESERVAS (ID, IDESPACIO, IDCLIENTE, IDCOLECTIVA, DURACION, FECHAINICIO, FECHARESERVA, PRECIO, CANCELADO)
VALUES(224, 10, 10, null, 15, TO_DATE('2018-07-05','YYYY-MM-DD'), TO_DATE('2018-04-23','YYYY-MM-DD'), 7500000, 'Y');

INSERT INTO RESERVAS (ID, IDESPACIO, IDCLIENTE, IDCOLECTIVA, DURACION, FECHAINICIO, FECHARESERVA, PRECIO, CANCELADO)
VALUES(225, 10, 10, null, 21, TO_DATE('2018-08-05','YYYY-MM-DD'), TO_DATE('2018-04-23','YYYY-MM-DD'), 10500000, 'N');

INSERT INTO RESERVAS (ID, IDESPACIO, IDCLIENTE, IDCOLECTIVA, DURACION, FECHAINICIO, FECHARESERVA, PRECIO, CANCELADO)
VALUES(226, 10, 10, null, 4, TO_DATE('2018-09-05','YYYY-MM-DD'), TO_DATE('2018-04-23','YYYY-MM-DD'), 2000000, 'N');

INSERT INTO RESERVAS (ID, IDESPACIO, IDCLIENTE, IDCOLECTIVA, DURACION, FECHAINICIO, FECHARESERVA, PRECIO, CANCELADO)
VALUES(227, 10, 10, null, 11, TO_DATE('2018-10-05','YYYY-MM-DD'), TO_DATE('2018-04-23','YYYY-MM-DD'), 5500000, 'N');

INSERT INTO RESERVAS (ID, IDESPACIO, IDCLIENTE, IDCOLECTIVA, DURACION, FECHAINICIO, FECHARESERVA, PRECIO, CANCELADO)
VALUES(228, 10, 10, null, 9, TO_DATE('2018-11-05','YYYY-MM-DD'), TO_DATE('2018-04-23','YYYY-MM-DD'), 4500000, 'Y');

INSERT INTO RESERVAS (ID, IDESPACIO, IDCLIENTE, IDCOLECTIVA, DURACION, FECHAINICIO, FECHARESERVA, PRECIO, CANCELADO)
VALUES(229, 10, 10, null, 28, TO_DATE('2018-12-05','YYYY-MM-DD'), TO_DATE('2018-04-23','YYYY-MM-DD'), 14000000, 'N');

INSERT INTO RESERVAS (ID, IDESPACIO, IDCLIENTE, IDCOLECTIVA, DURACION, FECHAINICIO, FECHARESERVA, PRECIO, CANCELADO)
VALUES(230, 10, 10, null, 6, TO_DATE('2019-01-05','YYYY-MM-DD'), TO_DATE('2018-04-23','YYYY-MM-DD'), 3000000, 'N');

INSERT INTO RESERVAS (ID, IDESPACIO, IDCLIENTE, IDCOLECTIVA, DURACION, FECHAINICIO, FECHARESERVA, PRECIO, CANCELADO)
VALUES(231, 10, 10, null, 5, TO_DATE('2019-02-21','YYYY-MM-DD'), TO_DATE('2018-04-23','YYYY-MM-DD'), 2500000, 'Y');

INSERT INTO RESERVAS (ID, IDESPACIO, IDCLIENTE, IDCOLECTIVA, DURACION, FECHAINICIO, FECHARESERVA, PRECIO, CANCELADO)
VALUES(232, 10, 10, null, 10, TO_DATE('2019-02-27','YYYY-MM-DD'), TO_DATE('2018-04-23','YYYY-MM-DD'), 5000000, 'N');

INSERT INTO RESERVAS (ID, IDESPACIO, IDCLIENTE, IDCOLECTIVA, DURACION, FECHAINICIO, FECHARESERVA, PRECIO, CANCELADO)
VALUES(233, 10, 10, null, 5, TO_DATE('2019-04-11','YYYY-MM-DD'), TO_DATE('2018-04-23','YYYY-MM-DD'), 2500000, 'Y');

INSERT INTO RESERVAS (ID, IDESPACIO, IDCLIENTE, IDCOLECTIVA, DURACION, FECHAINICIO, FECHARESERVA, PRECIO, CANCELADO)
VALUES(234, 11, 11, null, 20, TO_DATE('2017-03-12','YYYY-MM-DD'), TO_DATE('2017-01-01','YYYY-MM-DD'), 10000000, 'N');

INSERT INTO RESERVAS (ID, IDESPACIO, IDCLIENTE, IDCOLECTIVA, DURACION, FECHAINICIO, FECHARESERVA, PRECIO, CANCELADO)
VALUES(235, 11, 11, null, 21, TO_DATE('2017-04-12','YYYY-MM-DD'), TO_DATE('2017-01-01','YYYY-MM-DD'), 10500000, 'N');

INSERT INTO RESERVAS (ID, IDESPACIO, IDCLIENTE, IDCOLECTIVA, DURACION, FECHAINICIO, FECHARESERVA, PRECIO, CANCELADO)
VALUES(236, 11, 11, null, 12, TO_DATE('2017-05-12','YYYY-MM-DD'), TO_DATE('2017-01-01','YYYY-MM-DD'), 6000000, 'N');

INSERT INTO RESERVAS (ID, IDESPACIO, IDCLIENTE, IDCOLECTIVA, DURACION, FECHAINICIO, FECHARESERVA, PRECIO, CANCELADO)
VALUES(237, 11, 11, null, 3, TO_DATE('2018-01-05','YYYY-MM-DD'), TO_DATE('2018-01-01','YYYY-MM-DD'), 1500000, 'N');

INSERT INTO RESERVAS (ID, IDESPACIO, IDCLIENTE, IDCOLECTIVA, DURACION, FECHAINICIO, FECHARESERVA, PRECIO, CANCELADO)
VALUES(238, 11, 11, null, 10, TO_DATE('2018-02-05','YYYY-MM-DD'), TO_DATE('2018-01-01','YYYY-MM-DD'), 5000000, 'N');

INSERT INTO RESERVAS (ID, IDESPACIO, IDCLIENTE, IDCOLECTIVA, DURACION, FECHAINICIO, FECHARESERVA, PRECIO, CANCELADO)
VALUES(239, 11, 11, null, 25, TO_DATE('2018-03-05','YYYY-MM-DD'), TO_DATE('2018-01-01','YYYY-MM-DD'), 12500000, 'N');

INSERT INTO RESERVAS (ID, IDESPACIO, IDCLIENTE, IDCOLECTIVA, DURACION, FECHAINICIO, FECHARESERVA, PRECIO, CANCELADO)
VALUES(240, 11, 11, null, 2, TO_DATE('2018-04-05','YYYY-MM-DD'), TO_DATE('2018-01-01','YYYY-MM-DD'), 1000000, 'Y');

INSERT INTO RESERVAS (ID, IDESPACIO, IDCLIENTE, IDCOLECTIVA, DURACION, FECHAINICIO, FECHARESERVA, PRECIO, CANCELADO)
VALUES(241, 11, 11, null, 4, TO_DATE('2018-05-05','YYYY-MM-DD'), TO_DATE('2018-04-23','YYYY-MM-DD'), 2000000, 'N');

INSERT INTO RESERVAS (ID, IDESPACIO, IDCLIENTE, IDCOLECTIVA, DURACION, FECHAINICIO, FECHARESERVA, PRECIO, CANCELADO)
VALUES(242, 11, 11, null, 5, TO_DATE('2018-06-05','YYYY-MM-DD'), TO_DATE('2018-04-23','YYYY-MM-DD'), 2500000, 'N');

INSERT INTO RESERVAS (ID, IDESPACIO, IDCLIENTE, IDCOLECTIVA, DURACION, FECHAINICIO, FECHARESERVA, PRECIO, CANCELADO)
VALUES(243, 11, 11, null, 15, TO_DATE('2018-07-05','YYYY-MM-DD'), TO_DATE('2018-04-23','YYYY-MM-DD'), 7500000, 'Y');

INSERT INTO RESERVAS (ID, IDESPACIO, IDCLIENTE, IDCOLECTIVA, DURACION, FECHAINICIO, FECHARESERVA, PRECIO, CANCELADO)
VALUES(244, 11, 11, null, 21, TO_DATE('2018-08-05','YYYY-MM-DD'), TO_DATE('2018-04-23','YYYY-MM-DD'), 10500000, 'N');

INSERT INTO RESERVAS (ID, IDESPACIO, IDCLIENTE, IDCOLECTIVA, DURACION, FECHAINICIO, FECHARESERVA, PRECIO, CANCELADO)
VALUES(245, 11, 11, null, 4, TO_DATE('2018-09-05','YYYY-MM-DD'), TO_DATE('2018-04-23','YYYY-MM-DD'), 2000000, 'N');

INSERT INTO RESERVAS (ID, IDESPACIO, IDCLIENTE, IDCOLECTIVA, DURACION, FECHAINICIO, FECHARESERVA, PRECIO, CANCELADO)
VALUES(246, 11, 11, null, 11, TO_DATE('2018-10-05','YYYY-MM-DD'), TO_DATE('2018-04-23','YYYY-MM-DD'), 5500000, 'Y');

INSERT INTO RESERVAS (ID, IDESPACIO, IDCLIENTE, IDCOLECTIVA, DURACION, FECHAINICIO, FECHARESERVA, PRECIO, CANCELADO)
VALUES(247, 11, 11, null, 9, TO_DATE('2018-11-05','YYYY-MM-DD'), TO_DATE('2018-04-23','YYYY-MM-DD'), 4500000, 'N');

INSERT INTO RESERVAS (ID, IDESPACIO, IDCLIENTE, IDCOLECTIVA, DURACION, FECHAINICIO, FECHARESERVA, PRECIO, CANCELADO)
VALUES(248, 11, 11, null, 28, TO_DATE('2018-12-05','YYYY-MM-DD'), TO_DATE('2018-04-23','YYYY-MM-DD'), 14000000, 'Y');

INSERT INTO RESERVAS (ID, IDESPACIO, IDCLIENTE, IDCOLECTIVA, DURACION, FECHAINICIO, FECHARESERVA, PRECIO, CANCELADO)
VALUES(249, 11, 11, null, 6, TO_DATE('2019-01-05','YYYY-MM-DD'), TO_DATE('2018-04-23','YYYY-MM-DD'), 3000000, 'N');

INSERT INTO RESERVAS (ID, IDESPACIO, IDCLIENTE, IDCOLECTIVA, DURACION, FECHAINICIO, FECHARESERVA, PRECIO, CANCELADO)
VALUES(250, 11, 11, null, 5, TO_DATE('2019-02-21','YYYY-MM-DD'), TO_DATE('2018-04-23','YYYY-MM-DD'), 2500000, 'Y');

INSERT INTO RESERVAS (ID, IDESPACIO, IDCLIENTE, IDCOLECTIVA, DURACION, FECHAINICIO, FECHARESERVA, PRECIO, CANCELADO)
VALUES(251, 11, 11, null, 10, TO_DATE('2019-02-27','YYYY-MM-DD'), TO_DATE('2018-04-23','YYYY-MM-DD'), 5000000, 'N');

INSERT INTO RESERVAS (ID, IDESPACIO, IDCLIENTE, IDCOLECTIVA, DURACION, FECHAINICIO, FECHARESERVA, PRECIO, CANCELADO)
VALUES(252, 11, 11, null, 5, TO_DATE('2019-04-11','YYYY-MM-DD'), TO_DATE('2018-04-23','YYYY-MM-DD'), 2500000, 'Y');

INSERT INTO RESERVAS (ID, IDESPACIO, IDCLIENTE, IDCOLECTIVA, DURACION, FECHAINICIO, FECHARESERVA, PRECIO, CANCELADO)
VALUES(253, 12, 12, null, 20, TO_DATE('2017-03-12','YYYY-MM-DD'), TO_DATE('2017-01-01','YYYY-MM-DD'), 10000000, 'N');

INSERT INTO RESERVAS (ID, IDESPACIO, IDCLIENTE, IDCOLECTIVA, DURACION, FECHAINICIO, FECHARESERVA, PRECIO, CANCELADO)
VALUES(254, 12, 12, null, 21, TO_DATE('2017-04-12','YYYY-MM-DD'), TO_DATE('2017-01-01','YYYY-MM-DD'), 10500000, 'N');

INSERT INTO RESERVAS (ID, IDESPACIO, IDCLIENTE, IDCOLECTIVA, DURACION, FECHAINICIO, FECHARESERVA, PRECIO, CANCELADO)
VALUES(255, 12, 12, null, 12, TO_DATE('2017-05-12','YYYY-MM-DD'), TO_DATE('2017-01-01','YYYY-MM-DD'), 6000000, 'N');

INSERT INTO RESERVAS (ID, IDESPACIO, IDCLIENTE, IDCOLECTIVA, DURACION, FECHAINICIO, FECHARESERVA, PRECIO, CANCELADO)
VALUES(256, 12, 12, null, 3, TO_DATE('2018-01-05','YYYY-MM-DD'), TO_DATE('2018-01-01','YYYY-MM-DD'), 1500000, 'N');

INSERT INTO RESERVAS (ID, IDESPACIO, IDCLIENTE, IDCOLECTIVA, DURACION, FECHAINICIO, FECHARESERVA, PRECIO, CANCELADO)
VALUES(257, 12, 12, null, 10, TO_DATE('2018-02-05','YYYY-MM-DD'), TO_DATE('2018-01-01','YYYY-MM-DD'), 5000000, 'Y');

INSERT INTO RESERVAS (ID, IDESPACIO, IDCLIENTE, IDCOLECTIVA, DURACION, FECHAINICIO, FECHARESERVA, PRECIO, CANCELADO)
VALUES(258, 12, 12, null, 25, TO_DATE('2018-03-05','YYYY-MM-DD'), TO_DATE('2018-01-01','YYYY-MM-DD'), 12500000, 'N');

INSERT INTO RESERVAS (ID, IDESPACIO, IDCLIENTE, IDCOLECTIVA, DURACION, FECHAINICIO, FECHARESERVA, PRECIO, CANCELADO)
VALUES(259, 12, 12, null, 2, TO_DATE('2018-04-05','YYYY-MM-DD'), TO_DATE('2018-01-01','YYYY-MM-DD'), 1000000, 'N');

INSERT INTO RESERVAS (ID, IDESPACIO, IDCLIENTE, IDCOLECTIVA, DURACION, FECHAINICIO, FECHARESERVA, PRECIO, CANCELADO)
VALUES(260, 12, 12, null, 4, TO_DATE('2018-05-05','YYYY-MM-DD'), TO_DATE('2018-04-23','YYYY-MM-DD'), 2000000, 'Y');

INSERT INTO RESERVAS (ID, IDESPACIO, IDCLIENTE, IDCOLECTIVA, DURACION, FECHAINICIO, FECHARESERVA, PRECIO, CANCELADO)
VALUES(261, 12, 12, null, 5, TO_DATE('2018-06-05','YYYY-MM-DD'), TO_DATE('2018-04-23','YYYY-MM-DD'), 2500000, 'N');

INSERT INTO RESERVAS (ID, IDESPACIO, IDCLIENTE, IDCOLECTIVA, DURACION, FECHAINICIO, FECHARESERVA, PRECIO, CANCELADO)
VALUES(262, 12, 12, null, 15, TO_DATE('2018-07-05','YYYY-MM-DD'), TO_DATE('2018-04-23','YYYY-MM-DD'), 7500000, 'N');

INSERT INTO RESERVAS (ID, IDESPACIO, IDCLIENTE, IDCOLECTIVA, DURACION, FECHAINICIO, FECHARESERVA, PRECIO, CANCELADO)
VALUES(263, 12, 12, null, 21, TO_DATE('2018-08-05','YYYY-MM-DD'), TO_DATE('2018-04-23','YYYY-MM-DD'), 10500000, 'Y');

INSERT INTO RESERVAS (ID, IDESPACIO, IDCLIENTE, IDCOLECTIVA, DURACION, FECHAINICIO, FECHARESERVA, PRECIO, CANCELADO)
VALUES(264, 12, 12, null, 4, TO_DATE('2018-09-05','YYYY-MM-DD'), TO_DATE('2018-04-23','YYYY-MM-DD'), 2000000, 'N');

INSERT INTO RESERVAS (ID, IDESPACIO, IDCLIENTE, IDCOLECTIVA, DURACION, FECHAINICIO, FECHARESERVA, PRECIO, CANCELADO)
VALUES(265, 12, 12, null, 11, TO_DATE('2018-10-05','YYYY-MM-DD'), TO_DATE('2018-04-23','YYYY-MM-DD'), 5500000, 'N');

INSERT INTO RESERVAS (ID, IDESPACIO, IDCLIENTE, IDCOLECTIVA, DURACION, FECHAINICIO, FECHARESERVA, PRECIO, CANCELADO)
VALUES(266, 12, 12, null, 9, TO_DATE('2018-11-05','YYYY-MM-DD'), TO_DATE('2018-04-23','YYYY-MM-DD'), 4500000, 'N');

INSERT INTO RESERVAS (ID, IDESPACIO, IDCLIENTE, IDCOLECTIVA, DURACION, FECHAINICIO, FECHARESERVA, PRECIO, CANCELADO)
VALUES(267, 12, 12, null, 28, TO_DATE('2018-12-05','YYYY-MM-DD'), TO_DATE('2018-04-23','YYYY-MM-DD'), 14000000, 'Y');

INSERT INTO RESERVAS (ID, IDESPACIO, IDCLIENTE, IDCOLECTIVA, DURACION, FECHAINICIO, FECHARESERVA, PRECIO, CANCELADO)
VALUES(268, 12, 12, null, 6, TO_DATE('2019-01-05','YYYY-MM-DD'), TO_DATE('2018-04-23','YYYY-MM-DD'), 3000000, 'N');

INSERT INTO RESERVAS (ID, IDESPACIO, IDCLIENTE, IDCOLECTIVA, DURACION, FECHAINICIO, FECHARESERVA, PRECIO, CANCELADO)
VALUES(269, 12, 12, null, 5, TO_DATE('2019-02-21','YYYY-MM-DD'), TO_DATE('2018-04-23','YYYY-MM-DD'), 2500000, 'N');

INSERT INTO RESERVAS (ID, IDESPACIO, IDCLIENTE, IDCOLECTIVA, DURACION, FECHAINICIO, FECHARESERVA, PRECIO, CANCELADO)
VALUES(270, 12, 12, null, 10, TO_DATE('2019-02-27','YYYY-MM-DD'), TO_DATE('2018-04-23','YYYY-MM-DD'), 5000000, 'Y');

INSERT INTO RESERVAS (ID, IDESPACIO, IDCLIENTE, IDCOLECTIVA, DURACION, FECHAINICIO, FECHARESERVA, PRECIO, CANCELADO)
VALUES(271, 12, 12, null, 5, TO_DATE('2019-04-11','YYYY-MM-DD'), TO_DATE('2018-04-23','YYYY-MM-DD'), 2500000, 'N');

INSERT INTO RESERVAS (ID, IDESPACIO, IDCLIENTE, IDCOLECTIVA, DURACION, FECHAINICIO, FECHARESERVA, PRECIO, CANCELADO)
VALUES(272, 16, 14, null, 20, TO_DATE('2017-03-12','YYYY-MM-DD'), TO_DATE('2017-01-01','YYYY-MM-DD'), 10000000, 'N');

INSERT INTO RESERVAS (ID, IDESPACIO, IDCLIENTE, IDCOLECTIVA, DURACION, FECHAINICIO, FECHARESERVA, PRECIO, CANCELADO)
VALUES(273, 16, 14, null, 21, TO_DATE('2017-04-12','YYYY-MM-DD'), TO_DATE('2017-01-01','YYYY-MM-DD'), 10500000, 'N');

INSERT INTO RESERVAS (ID, IDESPACIO, IDCLIENTE, IDCOLECTIVA, DURACION, FECHAINICIO, FECHARESERVA, PRECIO, CANCELADO)
VALUES(274, 16, 14, null, 12, TO_DATE('2017-05-12','YYYY-MM-DD'), TO_DATE('2017-01-01','YYYY-MM-DD'), 6000000, 'N');

INSERT INTO RESERVAS (ID, IDESPACIO, IDCLIENTE, IDCOLECTIVA, DURACION, FECHAINICIO, FECHARESERVA, PRECIO, CANCELADO)
VALUES(275, 16, 14, null, 3, TO_DATE('2018-01-05','YYYY-MM-DD'), TO_DATE('2018-01-01','YYYY-MM-DD'), 1500000, 'N');

INSERT INTO RESERVAS (ID, IDESPACIO, IDCLIENTE, IDCOLECTIVA, DURACION, FECHAINICIO, FECHARESERVA, PRECIO, CANCELADO)
VALUES(276, 16, 14, null, 10, TO_DATE('2018-02-05','YYYY-MM-DD'), TO_DATE('2018-01-01','YYYY-MM-DD'), 5000000, 'Y');

INSERT INTO RESERVAS (ID, IDESPACIO, IDCLIENTE, IDCOLECTIVA, DURACION, FECHAINICIO, FECHARESERVA, PRECIO, CANCELADO)
VALUES(277, 16, 14, null, 25, TO_DATE('2018-03-05','YYYY-MM-DD'), TO_DATE('2018-01-01','YYYY-MM-DD'), 12500000, 'N');

INSERT INTO RESERVAS (ID, IDESPACIO, IDCLIENTE, IDCOLECTIVA, DURACION, FECHAINICIO, FECHARESERVA, PRECIO, CANCELADO)
VALUES(278, 16, 14, null, 2, TO_DATE('2018-04-05','YYYY-MM-DD'), TO_DATE('2018-01-01','YYYY-MM-DD'), 1000000, 'Y');

INSERT INTO RESERVAS (ID, IDESPACIO, IDCLIENTE, IDCOLECTIVA, DURACION, FECHAINICIO, FECHARESERVA, PRECIO, CANCELADO)
VALUES(279, 16, 14, null, 4, TO_DATE('2018-05-05','YYYY-MM-DD'), TO_DATE('2018-04-23','YYYY-MM-DD'), 2000000, 'N');

INSERT INTO RESERVAS (ID, IDESPACIO, IDCLIENTE, IDCOLECTIVA, DURACION, FECHAINICIO, FECHARESERVA, PRECIO, CANCELADO)
VALUES(280, 16, 14, null, 5, TO_DATE('2018-06-05','YYYY-MM-DD'), TO_DATE('2018-04-23','YYYY-MM-DD'), 2500000, 'N');

INSERT INTO RESERVAS (ID, IDESPACIO, IDCLIENTE, IDCOLECTIVA, DURACION, FECHAINICIO, FECHARESERVA, PRECIO, CANCELADO)
VALUES(281, 16, 14, null, 15, TO_DATE('2018-07-05','YYYY-MM-DD'), TO_DATE('2018-04-23','YYYY-MM-DD'), 7500000, 'Y');

INSERT INTO RESERVAS (ID, IDESPACIO, IDCLIENTE, IDCOLECTIVA, DURACION, FECHAINICIO, FECHARESERVA, PRECIO, CANCELADO)
VALUES(282, 16, 14, null, 21, TO_DATE('2018-08-05','YYYY-MM-DD'), TO_DATE('2018-04-23','YYYY-MM-DD'), 10500000, 'N');

INSERT INTO RESERVAS (ID, IDESPACIO, IDCLIENTE, IDCOLECTIVA, DURACION, FECHAINICIO, FECHARESERVA, PRECIO, CANCELADO)
VALUES(283, 16, 14, null, 4, TO_DATE('2018-09-05','YYYY-MM-DD'), TO_DATE('2018-04-23','YYYY-MM-DD'), 2000000, 'N');

INSERT INTO RESERVAS (ID, IDESPACIO, IDCLIENTE, IDCOLECTIVA, DURACION, FECHAINICIO, FECHARESERVA, PRECIO, CANCELADO)
VALUES(284, 16, 14, null, 11, TO_DATE('2018-10-05','YYYY-MM-DD'), TO_DATE('2018-04-23','YYYY-MM-DD'), 5500000, 'Y');

INSERT INTO RESERVAS (ID, IDESPACIO, IDCLIENTE, IDCOLECTIVA, DURACION, FECHAINICIO, FECHARESERVA, PRECIO, CANCELADO)
VALUES(285, 16, 14, null, 9, TO_DATE('2018-11-05','YYYY-MM-DD'), TO_DATE('2018-04-23','YYYY-MM-DD'), 4500000, 'N');

INSERT INTO RESERVAS (ID, IDESPACIO, IDCLIENTE, IDCOLECTIVA, DURACION, FECHAINICIO, FECHARESERVA, PRECIO, CANCELADO)
VALUES(286, 16, 14, null, 28, TO_DATE('2018-12-05','YYYY-MM-DD'), TO_DATE('2018-04-23','YYYY-MM-DD'), 14000000, 'Y');

INSERT INTO RESERVAS (ID, IDESPACIO, IDCLIENTE, IDCOLECTIVA, DURACION, FECHAINICIO, FECHARESERVA, PRECIO, CANCELADO)
VALUES(287, 16, 14, null, 6, TO_DATE('2019-01-05','YYYY-MM-DD'), TO_DATE('2018-04-23','YYYY-MM-DD'), 3000000, 'N');

INSERT INTO RESERVAS (ID, IDESPACIO, IDCLIENTE, IDCOLECTIVA, DURACION, FECHAINICIO, FECHARESERVA, PRECIO, CANCELADO)
VALUES(288, 16, 14, null, 5, TO_DATE('2019-02-21','YYYY-MM-DD'), TO_DATE('2018-04-23','YYYY-MM-DD'), 2500000, 'N');

INSERT INTO RESERVAS (ID, IDESPACIO, IDCLIENTE, IDCOLECTIVA, DURACION, FECHAINICIO, FECHARESERVA, PRECIO, CANCELADO)
VALUES(289, 16, 14, null, 10, TO_DATE('2019-02-27','YYYY-MM-DD'), TO_DATE('2018-04-23','YYYY-MM-DD'), 5000000, 'N');

INSERT INTO RESERVAS (ID, IDESPACIO, IDCLIENTE, IDCOLECTIVA, DURACION, FECHAINICIO, FECHARESERVA, PRECIO, CANCELADO)
VALUES(290, 16, 14, null, 5, TO_DATE('2019-04-11','YYYY-MM-DD'), TO_DATE('2018-04-23','YYYY-MM-DD'), 2500000, 'Y');

INSERT INTO RESERVAS (ID, IDESPACIO, IDCLIENTE, IDCOLECTIVA, DURACION, FECHAINICIO, FECHARESERVA, PRECIO, CANCELADO)
VALUES(291, 14, 14, null, 20, TO_DATE('2017-03-12','YYYY-MM-DD'), TO_DATE('2017-01-01','YYYY-MM-DD'), 10000000, 'N');

INSERT INTO RESERVAS (ID, IDESPACIO, IDCLIENTE, IDCOLECTIVA, DURACION, FECHAINICIO, FECHARESERVA, PRECIO, CANCELADO)
VALUES(292, 14, 14, null, 21, TO_DATE('2017-04-12','YYYY-MM-DD'), TO_DATE('2017-01-01','YYYY-MM-DD'), 10500000, 'N');

INSERT INTO RESERVAS (ID, IDESPACIO, IDCLIENTE, IDCOLECTIVA, DURACION, FECHAINICIO, FECHARESERVA, PRECIO, CANCELADO)
VALUES(293, 14, 14, null, 12, TO_DATE('2017-05-12','YYYY-MM-DD'), TO_DATE('2017-01-01','YYYY-MM-DD'), 6000000, 'N');

INSERT INTO RESERVAS (ID, IDESPACIO, IDCLIENTE, IDCOLECTIVA, DURACION, FECHAINICIO, FECHARESERVA, PRECIO, CANCELADO)
VALUES(294, 14, 14, null, 3, TO_DATE('2018-01-05','YYYY-MM-DD'), TO_DATE('2018-01-01','YYYY-MM-DD'), 1500000, 'N');

INSERT INTO RESERVAS (ID, IDESPACIO, IDCLIENTE, IDCOLECTIVA, DURACION, FECHAINICIO, FECHARESERVA, PRECIO, CANCELADO)
VALUES(295, 14, 14, null, 10, TO_DATE('2018-02-05','YYYY-MM-DD'), TO_DATE('2018-01-01','YYYY-MM-DD'), 5000000, 'N');

INSERT INTO RESERVAS (ID, IDESPACIO, IDCLIENTE, IDCOLECTIVA, DURACION, FECHAINICIO, FECHARESERVA, PRECIO, CANCELADO)
VALUES(296, 14, 14, null, 25, TO_DATE('2018-03-05','YYYY-MM-DD'), TO_DATE('2018-01-01','YYYY-MM-DD'), 12500000, 'Y');

INSERT INTO RESERVAS (ID, IDESPACIO, IDCLIENTE, IDCOLECTIVA, DURACION, FECHAINICIO, FECHARESERVA, PRECIO, CANCELADO)
VALUES(297, 14, 14, null, 2, TO_DATE('2018-04-05','YYYY-MM-DD'), TO_DATE('2018-01-01','YYYY-MM-DD'), 1000000, 'N');

INSERT INTO RESERVAS (ID, IDESPACIO, IDCLIENTE, IDCOLECTIVA, DURACION, FECHAINICIO, FECHARESERVA, PRECIO, CANCELADO)
VALUES(298, 14, 14, null, 4, TO_DATE('2018-05-05','YYYY-MM-DD'), TO_DATE('2018-04-23','YYYY-MM-DD'), 2000000, 'N');

INSERT INTO RESERVAS (ID, IDESPACIO, IDCLIENTE, IDCOLECTIVA, DURACION, FECHAINICIO, FECHARESERVA, PRECIO, CANCELADO)
VALUES(299, 14, 14, null, 5, TO_DATE('2018-06-05','YYYY-MM-DD'), TO_DATE('2018-04-23','YYYY-MM-DD'), 2500000, 'N');

INSERT INTO RESERVAS (ID, IDESPACIO, IDCLIENTE, IDCOLECTIVA, DURACION, FECHAINICIO, FECHARESERVA, PRECIO, CANCELADO)
VALUES(300, 14, 14, null, 15, TO_DATE('2018-07-05','YYYY-MM-DD'), TO_DATE('2018-04-23','YYYY-MM-DD'), 7500000, 'Y');

INSERT INTO RESERVAS (ID, IDESPACIO, IDCLIENTE, IDCOLECTIVA, DURACION, FECHAINICIO, FECHARESERVA, PRECIO, CANCELADO)
VALUES(301, 14, 14, null, 21, TO_DATE('2018-08-05','YYYY-MM-DD'), TO_DATE('2018-04-23','YYYY-MM-DD'), 10500000, 'N');

INSERT INTO RESERVAS (ID, IDESPACIO, IDCLIENTE, IDCOLECTIVA, DURACION, FECHAINICIO, FECHARESERVA, PRECIO, CANCELADO)
VALUES(302, 14, 14, null, 4, TO_DATE('2018-09-05','YYYY-MM-DD'), TO_DATE('2018-04-23','YYYY-MM-DD'), 2000000, 'N');

INSERT INTO RESERVAS (ID, IDESPACIO, IDCLIENTE, IDCOLECTIVA, DURACION, FECHAINICIO, FECHARESERVA, PRECIO, CANCELADO)
VALUES(303, 14, 14, null, 11, TO_DATE('2018-10-05','YYYY-MM-DD'), TO_DATE('2018-04-23','YYYY-MM-DD'), 5500000, 'Y');

INSERT INTO RESERVAS (ID, IDESPACIO, IDCLIENTE, IDCOLECTIVA, DURACION, FECHAINICIO, FECHARESERVA, PRECIO, CANCELADO)
VALUES(304, 14, 14, null, 9, TO_DATE('2018-11-05','YYYY-MM-DD'), TO_DATE('2018-04-23','YYYY-MM-DD'), 4500000, 'N');

INSERT INTO RESERVAS (ID, IDESPACIO, IDCLIENTE, IDCOLECTIVA, DURACION, FECHAINICIO, FECHARESERVA, PRECIO, CANCELADO)
VALUES(305, 14, 14, null, 28, TO_DATE('2018-12-05','YYYY-MM-DD'), TO_DATE('2018-04-23','YYYY-MM-DD'), 14000000, 'Y');

INSERT INTO RESERVAS (ID, IDESPACIO, IDCLIENTE, IDCOLECTIVA, DURACION, FECHAINICIO, FECHARESERVA, PRECIO, CANCELADO)
VALUES(306, 14, 14, null, 6, TO_DATE('2019-01-05','YYYY-MM-DD'), TO_DATE('2018-04-23','YYYY-MM-DD'), 3000000, 'N');

INSERT INTO RESERVAS (ID, IDESPACIO, IDCLIENTE, IDCOLECTIVA, DURACION, FECHAINICIO, FECHARESERVA, PRECIO, CANCELADO)
VALUES(307, 14, 14, null, 5, TO_DATE('2019-02-21','YYYY-MM-DD'), TO_DATE('2018-04-23','YYYY-MM-DD'), 2500000, 'N');

INSERT INTO RESERVAS (ID, IDESPACIO, IDCLIENTE, IDCOLECTIVA, DURACION, FECHAINICIO, FECHARESERVA, PRECIO, CANCELADO)
VALUES(308, 14, 14, null, 10, TO_DATE('2019-02-27','YYYY-MM-DD'), TO_DATE('2018-04-23','YYYY-MM-DD'), 5000000, 'Y');

INSERT INTO RESERVAS (ID, IDESPACIO, IDCLIENTE, IDCOLECTIVA, DURACION, FECHAINICIO, FECHARESERVA, PRECIO, CANCELADO)
VALUES(309, 14, 14, null, 5, TO_DATE('2019-04-11','YYYY-MM-DD'), TO_DATE('2018-04-23','YYYY-MM-DD'), 2500000, 'Y');

commit;